x_pos,y_pos,x_vel,y_vel,angle,ang_vel,leg_1,leg_2,main_booster,lat_booster
-0.0015510559314861,1.4029346704483032,-0.157146617770195,-0.3549059629440307,0.0018306844867765,0.0361168757081031,0.0,0.0,-0.6022483258022002,0.9507002536090674
-0.0030502318404614,1.3942782878875732,-0.1497059166431427,-0.3847270309925079,0.001614776905626,-0.0043181432411074,0.0,0.0,0.1616533843217733,-0.9367125430683972
-0.0045440671965479,1.385351061820984,-0.1511230915784835,-0.3967690467834472,0.0033347741700708,0.0344033055007457,0.0,0.0,-0.5533831302163825,-0.9934284657734272
-0.0061636925674974,1.3757305145263672,-0.1661231964826584,-0.4276019632816314,0.0074483035132288,0.0822783038020134,0.0,0.0,-0.2399391745440129,-0.7991458262951556
-0.0078664775937795,1.365422248840332,-0.1757437735795974,-0.4581763446331024,0.0128472298383712,0.1079884618520736,0.0,0.0,0.3146709876096674,-0.6218789196481782
-0.0095386505126953,1.3550735712051392,-0.1742034405469894,-0.460016131401062,0.0197622887790203,0.1383137255907058,0.0,0.0,-0.2786844198065792,-0.6717888465485484
-0.0113019943237304,1.3440343141555786,-0.1847708970308303,-0.490770936012268,0.0280999653041362,0.1667688190937042,0.0,0.0,-0.8468999864980045,0.7772050041466873
-0.0130268093198537,1.3323113918304443,-0.179014652967453,-0.5211488008499146,0.034560814499855,0.1292290687561035,0.0,0.0,0.4920650814429597,-0.8289921661833908
-0.0148941995576024,1.321037530899048,-0.1949486881494522,-0.5012706518173218,0.0426896624267101,0.1625920981168747,0.0,0.0,0.9688939733325012,0.6627830983742308
-0.0167872421443462,1.3103792667388916,-0.1962351351976394,-0.4739158451557159,0.0495452657341957,0.1371247768402099,0.0,0.0,0.71215486038366,-0.7489963131302145
-0.0187129024416208,1.299958109855652,-0.201249748468399,-0.4634653329849243,0.0581438951194286,0.1719882786273956,0.0,0.0,0.1130581257174407,-0.734649594752977
-0.0207043644040823,1.289379596710205,-0.2094019949436187,-0.4705836474895477,0.0682994946837425,0.2031305730342865,0.0,0.0,0.2761099933118498,-0.6691052135197223
-0.0227164272218942,1.2789311408996582,-0.2130251675844192,-0.4649621546268463,0.0800166800618171,0.2343651354312896,0.0,0.0,0.9322056558508998,0.8886817162683135
-0.0246464721858501,1.2684261798858645,-0.2032548636198043,-0.4674668312072754,0.0901953727006912,0.2035921812057495,0.0,0.0,-0.6038897386878159,-0.7806195175576597
-0.0266680717468261,1.257234811782837,-0.2136555016040802,-0.4981314837932586,0.1016073152422905,0.228259727358818,0.0,0.0,0.0706856506661852,0.7389462705427305
-0.0286144260317087,1.245655179023743,-0.2047472894191742,-0.5153607130050659,0.111664742231369,0.2011670619249344,0.0,0.0,0.0876121097579127,0.9409314228439124
-0.0304889678955078,1.2342677116394043,-0.1957247108221054,-0.5067424178123474,0.1198892965912818,0.1645059287548065,0.0,0.0,0.9647559023821236,0.8620044642286941
-0.0322105400264263,1.222892999649048,-0.1791317164897918,-0.5061132311820984,0.1268349438905716,0.1389258205890655,0.0,0.0,-0.1769226475634699,-0.8848546407048128
-0.0340374931693077,1.2108266353607178,-0.1911894977092743,-0.5370289087295532,0.1353035122156143,0.1693865954875946,0.0,0.0,0.8772326207818182,0.7379710622266842
-0.0360389724373817,1.1990183591842651,-0.2069794833660125,-0.5254403948783875,0.1421141624450683,0.1362252235412597,0.0,0.0,-0.8665219428103605,-0.9461290022934972
-0.0381468757987022,1.1865154504776,-0.2191492319107055,-0.5565033555030823,0.1504582911729812,0.1668975502252578,0.0,0.0,-0.2819050360328694,0.9777119029304384
-0.0402244552969932,1.1733356714248655,-0.2141532450914383,-0.5864189863204956,0.1568580865859985,0.1280075460672378,0.0,0.0,-0.685835316247509,-0.7783295579335179
-0.0423977859318256,1.159454584121704,-0.2249916493892669,-0.6177586317062378,0.1645267158746719,0.1533865630626678,0.0,0.0,0.9516604903596028,0.9397962369131512
-0.0445158965885639,1.1454604864120483,-0.2177942246198654,-0.6226326823234558,0.1705292016267776,0.1200604438781738,0.0,0.0,-0.4319696396675037,-0.8547505291044812
-0.046765424311161,1.130758285522461,-0.2330883741378784,-0.6543810963630676,0.1786920875310897,0.1632723659276962,0.0,0.0,-0.8231491877992247,-0.9382573221516431
-0.049152947962284,1.115327000617981,-0.249251514673233,-0.6871359348297119,0.1892323493957519,0.2108053267002105,0.0,0.0,-0.878982678397715,0.8190498205869117
-0.0515265464782714,1.0992308855056765,-0.2462484538555145,-0.7165495157241821,0.1981585621833801,0.1785248070955276,0.0,0.0,-0.1234057821498562,0.92920475135444
-0.0538950935006141,1.0824722051620483,-0.2442888766527176,-0.745841383934021,0.2056590467691421,0.1500096321105957,0.0,0.0,-0.41554903160983,0.901254497539594
-0.0562599189579486,1.0650489330291748,-0.242548868060112,-0.7752218246459961,0.2117762267589569,0.1223437190055847,0.0,0.0,-0.6664556027402906,-0.9714810893959052
-0.0587519630789756,1.046908259391785,-0.257305771112442,-0.8074377179145813,0.2199588567018509,0.1636524945497512,0.0,0.0,0.466565122026813,0.9441947921863628
-0.0613687522709369,1.029219627380371,-0.2679373621940613,-0.7871028184890747,0.2262884974479675,0.1265927106142044,0.0,0.0,0.6466737818383097,-0.9338252741090116
-0.0642900466918945,1.0114212036132812,-0.3001465499401092,-0.7922917008399963,0.2344259023666381,0.1627482324838638,0.0,0.0,0.6774597282532058,0.7249133692599683
-0.0674857124686241,0.9941160678863524,-0.3259814977645874,-0.7701551914215088,0.2409441918134689,0.1303656846284866,0.0,0.0,-0.6647202008838045,0.8230750714271491
-0.0706746131181716,0.97613525390625,-0.3238781988620758,-0.7999730706214905,0.2460177689790725,0.1014715209603309,0.0,0.0,0.8491946209893069,0.6541394761473308
-0.0740166679024696,0.9585137963294984,-0.3379683196544647,-0.7838118076324463,0.2498505413532257,0.0766554027795791,0.0,0.0,0.3677324447494321,0.7027507892659908
-0.0774955749511718,0.9411446452140808,-0.3503168821334839,-0.7723712921142578,0.2523170411586761,0.0493302382528781,0.0,0.0,-0.3677019662843068,-0.736646417606678
-0.0810838714241981,0.92305988073349,-0.3628016710281372,-0.8044594526290894,0.2563709616661072,0.0810783356428146,0.0,0.0,0.6201446603588876,0.8149543457805486
-0.0848116874694824,0.9054147601127625,-0.3752275109291076,-0.7846508026123047,0.2588683664798736,0.0499481633305549,0.0,0.0,0.4622603367189504,-0.8365643878480578
-0.0888851135969162,0.8881303668022156,-0.4114124178886413,-0.7689221501350403,0.2630265951156616,0.083164744079113,0.0,0.0,0.8666050488701678,-0.6126755849344809
-0.093202494084835,0.8711466193199158,-0.4371227622032165,-0.7558111548423767,0.2685397267341614,0.1102625727653503,0.0,0.0,-0.392513179855912,-0.93480351048552
-0.0976566299796104,0.853446900844574,-0.4529891014099121,-0.7880640625953674,0.2762994170188904,0.1551936715841293,0.0,0.0,0.3900549411773681,0.9773930311203004
-0.10209321975708,0.8357720375061035,-0.4493771493434906,-0.7866395711898804,0.2821767926216125,0.1175475716590881,0.0,0.0,0.3199266195297241,0.9995458126068116
-0.1064867973327636,0.8178288340568542,-0.4431661665439605,-0.7982112765312195,0.2860903143882751,0.078270599246025,0.0,0.0,0.4720075130462646,0.99967622756958
-0.1108919158577919,0.7999484539031982,-0.442434698343277,-0.7950678467750549,0.2880714833736419,0.0396229028701782,0.0,0.0,0.5647634267807007,0.9999818801879884
-0.115392304956913,0.7817829847335815,-0.4499798417091369,-0.807339608669281,0.2880121171474457,-0.001187078654766,0.0,0.0,0.4362509250640869,0.9999557733535768
-0.1199055686593055,0.7633891701698303,-0.4493497014045715,-0.817114531993866,0.2859804928302765,-0.0406331829726696,0.0,0.0,0.6740130186080933,0.9987781047821044
-0.1244550719857215,0.7450150847434998,-0.4510994553565979,-0.8158775568008423,0.282024472951889,-0.0791201591491699,0.0,0.0,0.8839132785797119,0.9971373081207277
-0.1293849945068359,0.7273049354553223,-0.4869650900363922,-0.7859669923782349,0.2758361399173736,-0.1237664073705673,0.0,0.0,0.8348428010940552,0.9915226697921752
-0.1346900910139084,0.7101423740386963,-0.522301435470581,-0.7612569332122803,0.2674064040184021,-0.1685949116945266,0.0,0.0,0.6693240404129028,0.9863696098327636
-0.140131190419197,0.6930533647537231,-0.5338956117630005,-0.7576878070831299,0.2569681704044342,-0.2087637931108474,0.0,0.0,0.5396430492401123,0.9990019798278807
-0.1455362290143966,0.6761359572410583,-0.5284252166748047,-0.749808132648468,0.2446614652872085,-0.2461340874433517,0.0,0.0,0.2198412418365478,0.9923443794250488
-0.1510991156101226,0.6593397855758667,-0.5422040224075317,-0.7442207336425781,0.2303542047739029,-0.286145269870758,0.0,0.0,-0.0361340045928955,0.9967429637908936
-0.1566231697797775,0.641883373260498,-0.5359457731246948,-0.7733509540557861,0.2136909663677215,-0.3332654237747192,0.0,0.0,0.1775455474853515,0.9957931041717528
-0.1622424125671386,0.6246098279953003,-0.5434121489524841,-0.7651506662368774,0.1950302273035049,-0.3732149600982666,0.0,0.0,0.4515080451965332,0.9990230798721312
-0.1677718162536621,0.6073446273803711,-0.5324885845184326,-0.7647696733474731,0.1744878739118576,-0.4108472466468811,0.0,0.0,0.2068542242050171,0.9998209476470948
-0.1734164208173751,0.5898992419242859,-0.5419410467147827,-0.7728577256202698,0.1519521176815033,-0.4507154524326324,0.0,0.0,0.246692419052124,0.9973254203796388
-0.1790455877780914,0.5727091431617737,-0.5383320450782776,-0.7616806626319885,0.1274453401565551,-0.4901359677314758,0.0,0.0,0.771034836769104,0.9977462291717528
-0.1845767050981521,0.5559642314910889,-0.52668297290802,-0.7421708703041077,0.1011842787265777,-0.5252214670181274,0.0,0.0,0.2616205215454101,0.9974533319473268
-0.1900794953107834,0.5395100712776184,-0.5218050479888916,-0.7296108603477478,0.0729601085186004,-0.5644834041595459,0.0,0.0,-0.0035381913185119,0.999701738357544
-0.1955663710832595,0.5223937630653381,-0.5183866024017334,-0.7595227360725403,0.0430070683360099,-0.5990616083145142,0.0,0.0,0.0756270885467529,0.9992185831069946
-0.2009963095188141,0.5049607753753662,-0.5106521844863892,-0.7741789221763611,0.0110649485141038,-0.6388429403305054,0.0,0.0,0.900808811187744,-0.0849514007568359
-0.2066023349761963,0.4880604743957519,-0.5277177095413208,-0.7512022852897644,-0.0213983543217182,-0.6492663621902466,0.0,0.0,0.1906865835189819,0.9995017051696776
-0.2120675146579742,0.4710358381271362,-0.5116581320762634,-0.757505476474762,-0.0558334290981292,-0.688701868057251,0.0,0.0,-0.1140040755271911,0.9481484889984132
-0.2175056487321853,0.4533330202102661,-0.5070561170578003,-0.7885599136352539,-0.092216707766056,-0.727666437625885,0.0,0.0,0.6636017560958862,0.8063206672668457
-0.2228851318359375,0.4355458319187164,-0.4997179508209228,-0.7933378219604492,-0.1301810145378112,-0.7592867016792297,0.0,0.0,0.7299238443374634,0.981553554534912
-0.2283011376857757,0.4180232882499695,-0.5014134645462036,-0.7827805280685425,-0.1702897101640701,-0.8021749258041382,0.0,0.0,0.7378604412078857,0.9564363956451416
-0.2335124462842941,0.4011493325233459,-0.4793745577335357,-0.7552878260612488,-0.2122594118118286,-0.8393954038619995,0.0,0.0,0.5514695644378662,0.6486467123031616
-0.2385824620723724,0.3839613795280456,-0.4645170271396637,-0.7705857753753662,-0.2553485929965973,-0.8617841601371765,0.0,0.0,0.9500088691711426,-0.9715455174446106
-0.2434828281402588,0.3675954043865204,-0.4500085413455963,-0.734872579574585,-0.2963913977146148,-0.8208574056625366,0.0,0.0,0.7791595458984375,0.2527095079421997
-0.2483775615692138,0.3513369858264923,-0.4495000839233398,-0.7312800884246826,-0.3378916978836059,-0.8300074338912964,0.0,0.0,0.8165065050125122,-0.9299659132957458
-0.2532451152801513,0.3355588018894195,-0.4489942491054535,-0.7106022238731384,-0.3776507377624511,-0.7951813340187073,0.0,0.0,0.809170126914978,-0.7853652834892273
-0.2579294145107269,0.3200750350952148,-0.4328428208827972,-0.6980559825897217,-0.4157076179981231,-0.7611385583877563,0.0,0.0,0.6990482807159424,-0.9486813545227052
-0.2625089585781097,0.305254578590393,-0.424601137638092,-0.6689393520355225,-0.4519661366939544,-0.7251711487770081,0.0,0.0,0.7484192848205566,-0.932131290435791
-0.266854465007782,0.2905748784542084,-0.4036308228969574,-0.662831723690033,-0.4861488342285156,-0.6836543679237366,0.0,0.0,0.8307501077651978,-0.9290294647216796
-0.2711457312107086,0.2758666276931762,-0.4004194140434265,-0.6641668677330017,-0.5184462070465088,-0.6459469795227051,0.0,0.0,0.94843590259552,-0.9544521570205688
-0.2752832472324371,0.2609602212905884,-0.3874348104000091,-0.6728323698043823,-0.5485911965370178,-0.6028993725776672,0.0,0.0,0.9324769973754884,-0.9136855006217957
-0.2793575227260589,0.2459618002176284,-0.3831822276115417,-0.6767637133598328,-0.5768688917160034,-0.5655536651611328,0.0,0.0,0.9521617889404296,-0.9355809688568116
-0.2830328047275543,0.2315357327461242,-0.3453860580921173,-0.6510143876075745,-0.6031417846679688,-0.525457501411438,0.0,0.0,0.9647982120513916,-0.9905696511268616
-0.2861755788326263,0.2176089882850647,-0.2944326996803283,-0.6282883882522583,-0.6271037459373474,-0.479238748550415,0.0,0.0,0.9410834312438964,-0.9947847127914428
-0.2889768183231354,0.2043691724538803,-0.2622132897377014,-0.597273588180542,-0.6490978598594666,-0.4398822784423828,0.0,0.0,0.9210165739059448,-0.998832643032074
-0.2917893826961517,0.191118061542511,-0.2651749551296234,-0.5972266793251038,-0.6691604256629944,-0.4012517929077148,0.0,0.0,0.9544022083282472,-0.9980501532554626
-0.2940821051597595,0.1783106178045272,-0.2152281105518341,-0.576747477054596,-0.6869485974311829,-0.3557636141777038,0.0,0.0,0.9746077060699464,-0.9986848831176758
-0.296146810054779,0.1658150255680084,-0.1941804140806198,-0.5621792674064636,-0.7027328610420227,-0.3156858086585998,0.0,0.0,0.953593134880066,-0.9922901391983032
-0.2978495061397552,0.1536963731050491,-0.1597384214401245,-0.5446280241012573,-0.7164223790168762,-0.2737918496131897,0.0,0.0,0.9766205549240112,-0.9945391416549684
-0.2991145253181457,0.1419308483600616,-0.1177500262856483,-0.5280430316925049,-0.72792649269104,-0.230082482099533,0.0,0.0,0.9672451019287108,-0.9685587882995604
-0.2999324202537536,0.1302127391099929,-0.0748702734708786,-0.5249518752098083,-0.7371153831481934,-0.1837780177593231,0.0,0.0,0.9956283569335938,-0.8703494668006897
-0.3005461096763611,0.1182947233319282,-0.0559731051325798,-0.5329770445823669,-0.7443318963050842,-0.1443286687135696,0.0,0.0,0.9931824207305908,-0.5739438533782959
-0.3008204102516174,0.1061446070671081,-0.023240678012371,-0.5425866842269897,-0.7499621510505676,-0.1126050725579261,0.0,0.0,0.9931801557540894,-0.7251583337783813
-0.3005678057670593,0.0939228162169456,0.0279134567826986,-0.5448511242866516,-0.7535555362701416,-0.0718676373362541,1.0,0.0,0.9394528865814208,-0.6028727293014526
-0.2997941970825195,0.0825651288032531,0.0699535086750984,-0.5017058849334717,-0.7389729022979736,0.2993441522121429,1.0,0.0,0.9973918199539183,-0.9213367104530334
-0.2981586456298828,0.0723773092031478,0.1375148892402649,-0.4378590583801269,-0.7038831114768982,0.7032870650291443,1.0,0.0,0.9999997615814208,-0.9625293612480164
-0.2956621050834656,0.0632049441337585,0.2053685933351516,-0.3838856518268585,-0.6478163599967957,1.1212570667266846,1.0,0.0,0.9998947381973268,-0.9344151616096495
-0.2923849523067474,0.0547328814864158,0.2673993408679962,-0.3482001721858978,-0.574852466583252,1.4594253301620483,1.0,0.0,0.9996240139007568,-0.1417970061302185
-0.2886829972267151,0.0462274886667728,0.3009911477565765,-0.3504969179630279,-0.4951315224170685,1.5946269035339355,1.0,0.0,-0.1370636820793151,-0.2640964984893799
-0.2849763333797455,0.0370956026017665,0.299268901348114,-0.3823604583740234,-0.4164216816425323,1.5743216276168823,1.0,0.0,0.999995231628418,-0.447372555732727
-0.2807403206825256,0.0287158824503421,0.3496022522449493,-0.3527205884456634,-0.3377079963684082,1.574331521987915,0.0,1.0,1.0,0.935382843017578
-0.2762908339500427,0.0212641339749097,0.3880697786808014,-0.3189952969551086,-0.2808507084846496,1.1344754695892334,0.0,1.0,0.9999260902404784,0.1875519752502441
-0.2718515992164612,0.0152424667030572,0.4088380932807922,-0.2613155245780945,-0.2450075000524521,0.7168229818344116,0.0,1.0,0.9977763891220092,-0.5555885434150696
-0.267261654138565,0.0103519055992364,0.4417684972286224,-0.2145878970623016,-0.2275203168392181,0.3497410714626312,0.0,1.0,0.9929749965667723,0.5199064016342163
-0.2626194357872009,0.0067135072313249,0.4679663777351379,-0.1622846573591232,-0.2313263416290283,-0.0761355906724929,1.0,1.0,0.9670736789703368,0.7547788619995117
-0.2578866481781006,0.0047193742357194,0.4824546277523041,-0.0905133932828903,-0.2391354143619537,-0.1540986597537994,1.0,1.0,0.8656529188156128,-0.1825820803642273
-0.2529932856559753,0.0038322783075273,0.4907100796699524,-0.0396586917340755,-0.2404737323522567,-0.0266909748315811,1.0,1.0,0.3933231830596924,0.7030918598175049
-0.2479782551527023,0.0039165709167718,0.495721161365509,0.004674166906625,-0.2345412969589233,0.1187266558408737,1.0,1.0,0.3249564170837402,0.7492790222167969
-0.2429046183824539,0.0046581481583416,0.497030109167099,0.0345709286630153,-0.2240258008241653,0.2103613913059234,1.0,1.0,0.1227226257324218,-0.0791552066802978
-0.2376415282487869,0.0058293081820011,0.5137197375297546,0.0539122447371482,-0.2112730741500854,0.2550919353961944,1.0,1.0,0.0427906513214111,-0.4751189947128296
-0.2323030978441238,0.0068021272309124,0.5222970247268677,0.0448475554585456,-0.1996044516563415,0.2334102839231491,1.0,1.0,0.03848397731781,-0.4742695093154907
-0.2267934381961822,0.007740972097963,0.5396522879600525,0.0432103537023067,-0.1881858706474304,0.2284075319766998,1.0,1.0,-0.0038310289382934,-0.5575510263442993
-0.2213262021541595,0.0079987505450844,0.5339861512184143,0.0130205815657973,-0.1753831505775451,0.2560780942440033,0.0,1.0,0.2466037273406982,-0.9748255610466005
-0.215696096420288,0.0085201356559991,0.5482318997383118,0.0248482320457696,-0.1605654656887054,0.2963816523551941,0.0,1.0,0.2508168220520019,-0.9812535047531128
-0.2100050449371338,0.0090072965249419,0.5523031949996948,0.0233792439103126,-0.143762782216072,0.3360852897167206,0.0,0.0,0.6012892723083496,-0.9739660620689392
-0.2043240517377853,0.0100119449198246,0.5493245720863342,0.0463518537580966,-0.1250324249267578,0.3746423125267029,0.0,0.0,0.6227011680603027,-0.9832491874694824
-0.1985951364040374,0.0114940265193581,0.5520075559616089,0.067481979727745,-0.1042593866586685,0.4154998362064361,0.0,0.0,0.5688991546630859,-0.9814557433128356
-0.1928503066301345,0.0129361245781183,0.551513671875,0.0655328184366226,-0.0814422816038131,0.4563848078250885,0.0,0.0,0.4556164741516113,-0.9131592512130736
-0.1872922927141189,0.0145360799506306,0.5311096906661987,0.0722666829824447,-0.056970614939928,0.4894793033599853,0.0,0.0,0.2262241840362548,-0.9415186047554016
-0.1819338798522949,0.0160408355295658,0.5092898607254028,0.0676703751087188,-0.030701695010066,0.5254275798797607,0.0,0.0,0.0663152933120727,-0.866772472858429
-0.1766839027404785,0.0174149125814437,0.4967152178287506,0.0614069662988185,-0.00273222126998,0.5594419240951538,0.0,0.0,-0.3886429071426391,-0.8798317313194275
-0.171533778309822,0.0181093551218509,0.4850540161132812,0.0306445304304361,0.0268885064870119,0.5924699306488037,0.0,0.0,-0.4191451072692871,-0.9129788279533386
-0.1664719581604004,0.0181161500513553,0.4748331904411316,-0.0005627205828204,0.0579092986881732,0.6204738616943359,0.0,0.0,-0.4969750642776489,-0.9141739010810852
-0.1615243852138519,0.0176702588796615,0.4683776795864105,-0.0210593976080417,0.0839759483933448,0.5212894678115845,0.0,1.0,0.2034043073654174,-0.075244665145874
-0.156656265258789,0.017692431807518,0.4683910310268402,-0.0001526445994386,0.1022588536143302,0.3656791448593139,0.0,1.0,-0.6227227449417114,-0.7473801970481873
-0.1518777906894683,0.0172699317336082,0.4654711782932281,-0.019671881571412,0.1145669817924499,0.2461837530136108,0.0,1.0,-0.7387416958808899,-0.7898131012916565
-0.147185131907463,0.0163971036672592,0.4624465107917785,-0.0393286161124706,0.1213537827134132,0.1357520222663879,0.0,1.0,-0.787281334400177,-0.9487299919128418
-0.1425857543945312,0.0150590036064386,0.4579945504665375,-0.0596271380782127,0.1232979446649551,0.038889542222023,0.0,1.0,-0.6985830664634705,-0.949263870716095
-0.1381068229675293,0.0132612083107233,0.4514327645301819,-0.0796069130301475,0.1197716072201728,-0.0705361142754554,0.0,1.0,-0.5909428596496582,-0.9748091101646424
-0.1337389945983886,0.0109809013083577,0.4448316097259521,-0.100724883377552,0.1117700040340423,-0.1600435376167297,0.0,1.0,-0.6959359645843506,-0.9597076177597046
-0.1294785439968109,0.0082460138946771,0.4386593401432037,-0.1206558495759964,0.0992269366979599,-0.250885009765625,0.0,1.0,-0.623135507106781,-0.960040271282196
-0.1253402680158615,0.0050723887979984,0.4312640130519867,-0.1399821937084198,0.0819126889109611,-0.3463170230388641,0.0,1.0,0.216078519821167,-0.867017924785614
-0.1213994026184082,0.0021807528100907,0.4154117107391357,-0.1274839490652084,0.0607882104814052,-0.4225245118141174,0.0,1.0,0.562004566192627,-0.5696994662284851
-0.1174345016479492,-0.0007439279579557,0.4195237159729004,-0.1292101442813873,0.038003034889698,-0.4557170271873474,0.0,1.0,0.7816448211669922,-0.5333789587020874
-0.1135379821062088,-0.0033665203955024,0.4113815426826477,-0.1161544024944305,0.01653110422194,-0.4294599592685699,0.0,1.0,0.6721007823944092,-0.6159656047821045
-0.1097628623247146,-0.0049009942449629,0.3827918171882629,-0.0681634619832038,0.0113568669185042,-0.103436566889286,1.0,0.0,0.6609017848968506,-0.9989330172538756
-0.1061115264892578,-0.0053307558409869,0.3597120642662048,-0.0191527381539344,0.0167049765586853,0.1069553717970848,1.0,1.0,-0.414966881275177,-0.9992901086807252
-0.1026195511221885,-0.0055583859793841,0.3424157500267029,-0.0102073298767209,0.023389184847474,0.1336709707975387,1.0,1.0,-0.6571038365364075,-0.9971283674240112
-0.0993500724434852,-0.0054774903692305,0.3226355314254761,0.0035221080761402,0.0276463031768798,0.0851452201604843,1.0,1.0,-0.5786908864974976,-0.9996567964553832
-0.0963063240051269,-0.0050656106323003,0.3020599484443664,0.0182622633874416,0.0299330689013004,0.0457368083298206,1.0,1.0,-0.6387806534767151,-0.9999879002571106
-0.0935214981436729,-0.0045294188894331,0.2825453579425812,0.02390549890697,0.0259152743965387,-0.0803574100136756,1.0,1.0,-0.407393217086792,-0.9985796213150024
-0.0909087210893631,-0.0038231038488447,0.2666094005107879,0.0314763821661472,0.0206567887216806,-0.1051733493804931,1.0,1.0,-0.0389454364776611,-0.9969141483306884
-0.088462546467781,-0.0030674005392938,0.2503170371055603,0.0336592718958854,0.0150215169414877,-0.112709067761898,1.0,1.0,-0.3289233446121216,-0.9999753832817078
-0.0861659049987793,-0.0023766779340803,0.23492331802845,0.0307452082633972,0.0098385838791728,-0.1036623120307922,1.0,1.0,-0.4530286788940429,-0.9468547105789183
-0.0839957222342491,-0.0018171691335737,0.2213025093078613,0.0248873475939035,0.0055970908142626,-0.084831453859806,0.0,1.0,-0.9813284873962402,-0.1048915386199951
-0.0818747505545616,-0.0013560438528656,0.2156833112239837,0.0205044541507959,0.0020640224684029,-0.0706618279218673,0.0,1.0,-0.976270854473114,-0.4716646075248718
-0.0798038467764854,-0.00098622078076,0.2100012302398681,0.0164376106113195,-0.0008065867586992,-0.0574120581150054,0.0,1.0,-0.9586647152900696,-0.1508177518844604
-0.077735997736454,-0.0009842896834015,0.2067862004041671,8.52047378430143e-05,-0.0008055274956859,2.0164896341157142e-05,0.0,1.0,-0.9854342341423036,-0.0235040187835693
-0.0757327079772949,-0.0009867930784821,0.2003265619277954,-0.0001119904845836,-0.0008069027098827,-2.6524881832301617e-05,0.0,1.0,-0.9958330988883972,0.0708084106445312
-0.0737947449088096,-0.0009868645574897,0.1938003003597259,-2.114349854309694e-06,-0.0008069341420195,-4.727331202047935e-07,0.0,1.0,-0.9751567244529724,-0.0616183280944824
-0.0719217285513877,-0.0009868645574897,0.1872968971729278,7.37301206754637e-07,-0.0008069198811426,1.767282071796217e-07,0.0,1.0,-0.989534854888916,-0.118263304233551
-0.070113755762577,-0.0009868645574897,0.1807941049337387,5.360367794082777e-08,-0.0008069243631325,7.686844938348258e-09,0.0,1.0,-0.9849169850349426,-0.1096625924110412
-0.0683708190917968,-0.0009868645574897,0.1742916107177734,-5.333661690087865e-08,-0.0008069283794611,3.450615126965317e-09,0.0,1.0,-0.9154697060585022,-0.0681538581848144
-0.0666929259896278,-0.0009868645574897,0.1677889972925186,-5.232068289728886e-08,-0.0008069318137131,1.1766936314216991e-09,0.0,1.0,-0.9777770042419434,-0.2132737636566162
-0.0650800690054893,-0.0009868645574897,0.1612863540649414,-5.109562906113752e-08,-0.0008069369359873,-4.804035835803688e-09,0.0,1.0,-0.9603582620620728,0.0761727094650268
-0.063532255589962,-0.0009868645574897,0.1547837108373642,-4.627964145242913e-08,-0.0008069404284469,-1.1532372834466287e-09,0.0,1.0,-0.9796299934387208,-0.0068196058273315
-0.0620494857430458,-0.0009868645574897,0.148281067609787,-4.042021473082968e-08,-0.0008069452596828,8.738665902008336e-10,0.0,1.0,-0.9404277801513672,-0.1954735517501831
-0.0606316551566123,-0.0009868645574897,0.1417784392833709,-3.2807495387032766e-08,-0.000806942640338,-1.2577038077665748e-08,0.0,1.0,-0.8967862129211426,-0.1762170195579528
-0.0592788681387901,-0.0009868645574897,0.1352758109569549,-2.7018044690407805e-08,-0.0008069551549851,-1.848536079762653e-08,0.0,1.0,-0.991827666759491,-0.0469902157783508
-0.057991124689579,-0.0009868645574897,0.1287731826305389,-2.1228702351550052e-08,-0.0008069540490396,-2.9374817245297894e-08,0.0,1.0,-0.9731365442276,0.0074344873428344
-0.0567684173583984,-0.0009868645574897,0.1222705468535423,-1.5438972766901315e-08,-0.0008069656905718,-1.6722662365964425e-08,0.0,1.0,-0.9619634747505188,-0.1114357709884643
-0.055610753595829,-0.0009868645574897,0.1157679185271263,-9.649697929603462e-09,-0.0008069639443419,-3.188343100646307e-08,0.0,1.0,-0.8834966421127319,-0.1717472076416015
-0.0545181259512901,-0.0009868645574897,0.1092652902007103,-3.860211705841721e-09,-0.0008069779141806,-3.356083055905401e-08,0.0,1.0,-0.97251158952713,-0.1178205013275146
-0.0534905418753623,-0.0009868645574897,0.1027626618742942,3.7527865259789905e-09,-0.0008069754112511,-3.09844843116025e-08,0.0,1.0,-0.9801809787750244,-0.003617525100708
-0.052527904510498,-0.0009868645574897,0.0962600335478782,1.2490423806355013e-08,-0.0008069857722148,-1.2468014176647557e-07,0.0,1.0,-0.9309877753257751,-0.157912015914917
-0.0516303069889545,-0.0009868645574897,0.0897574052214622,1.1975829217192311e-08,-0.000806996715255,-1.2212682065637637e-07,0.0,1.0,-0.93641459941864,-0.0413597822189331
-0.0507977493107318,-0.0009868645574897,0.0832547768950462,1.2490731116088229e-08,-0.0008070053299888,-1.0489181789807844e-07,0.0,1.0,-0.9076909422874452,-0.1040093898773193
-0.05003023147583,-0.0009868645574897,0.0767521485686302,1.2490640521889418e-08,-0.0008070156327448,-1.1107835007351241e-07,0.0,1.0,-0.9373513460159302,0.1351799964904785
-0.0493277534842491,-0.0009868645574897,0.0702495202422142,1.1578720204852289e-08,-0.0008070251205936,-1.233579780546279e-07,0.0,1.0,-0.9652841091156006,-0.0201043486595153
-0.0486903190612793,-0.0009868645574897,0.0637468919157981,1.2490333212156202e-08,-0.0008070371113717,-1.3009371002681294e-07,0.0,1.0,-0.8489577770233154,-0.0573835372924804
-0.0481179244816303,-0.0009868645574897,0.0572442635893821,8.958291886074221e-09,-0.000807034492027,1.0389069160510189e-07,0.0,1.0,-0.8648926019668579,-0.0847252011299133
-0.0476104728877544,-0.0009868645574897,0.0507416352629661,1.1251594322914116e-08,-0.000807040662039,-1.4145134841214713e-08,0.0,1.0,-0.9514097571372986,0.0340510606765747
-0.0471680648624897,-0.0009868645574897,0.0442390069365501,1.2490588119362656e-08,-0.0008070414769463,-1.1394909193995773e-07,0.0,1.0,-0.8959735035896301,0.0497069358825683
-0.0467906966805458,-0.0009868645574897,0.0377363786101341,9.976564463443084e-09,-0.0008070490439422,6.237216609861207e-08,0.0,1.0,-0.9601852893829346,-0.089510440826416
-0.0464783683419227,-0.0009868645574897,0.0312337484210729,1.2163846818680213e-08,-0.0008070507319644,-8.832337528019708e-08,0.0,1.0,-0.9648962020874025,-0.1420363187789917
-0.0462310798466205,-0.0009868645574897,0.0247311200946569,8.594218670054943e-09,-0.0008070615585893,-1.511920402208489e-07,0.0,1.0,-0.8511291146278381,-0.1617419719696045
-0.0460488311946392,-0.0009868645574897,0.0182284917682409,2.9476250329452114e-09,-0.0008070750627666,-1.767614037362364e-07,0.0,1.0,-0.910782277584076,-0.0877000093460083
-0.0459315292537212,-0.0009868645574897,0.0117258643731474,-1.2392261661275936e-09,-0.0008070877520367,-1.7473553270974662e-07,0.0,1.0,-0.9168171286582948,-0.1042842864990234
-0.0458792671561241,-0.0009868645574897,0.0052232355810701,-3.4962690520501383e-09,-0.0008070994517765,-1.551898520801842e-07,0.0,1.0,-0.8920273184776306,-0.0997881889343261
-0.0458833687007427,-0.0009868645574897,-0.0004170672909822,-3.073909624617954e-07,-0.0008009285666048,0.0001201979830511,0.0,1.0,-0.9152085185050964,-0.0476728677749633
-0.045902632176876,-0.0009868645574897,-0.0019740741699934,-1.44593070672272e-06,-0.0007716857944615,0.0005687040975317,0.0,1.0,-0.8653973340988159,0.062406301498413
-0.0459138862788677,-0.0009868645574897,-0.0011488415766507,-8.552704002795508e-07,-0.0007546829874627,0.0003310187312308,0.0,1.0,-0.9735764861106871,-0.0618554353713989
-0.0459149368107318,-0.0009868645574897,-0.0001053137384587,-7.963653558817897e-08,-0.0007531163864769,3.034696237591561e-05,0.0,1.0,-0.8100289702415466,-0.1938567161560058
-0.0459118857979774,-0.0009868645574897,0.0003052320389542,2.2714993974659595e-07,-0.0007576318457722,-8.795577741693705e-05,0.0,1.0,-0.8516159653663635,-0.0864464044570922
-0.0459096916019916,-0.0009868645574897,0.0002328756527276,1.7340717306524314e-07,-0.000761066796258,-6.708344881189987e-05,0.0,1.0,-0.9080744981765748,-0.1010850071907043
-0.0459092147648334,-0.0009868645574897,5.222868639975786e-05,4.0594922978698384e-08,-0.0007618259987793,-1.5042658560560083e-05,0.0,1.0,-0.8926948308944702,-0.2029770612716674
-0.0459095947444438,-0.0009868645574897,-4.17795054090675e-05,-3.1489911123117054e-08,-0.00076121854363,1.2049118595314212e-05,0.0,1.0,-0.9345757961273192,-0.1852568387985229
-0.0459100715816021,-0.0009868645574897,-4.417944364831783e-05,-3.316414876053386e-08,-0.0007605535793118,1.2728625733871011e-05,0.0,1.0,-0.9097373485565186,-0.1312412023544311
-0.0459102615714073,-0.0009868645574897,-1.5157180314417928e-05,-1.4055347996588809e-08,-0.0007603119011037,4.389821242511971e-06,0.0,1.0,-0.912447988986969,-0.1542685031890869
-0.0459102615714073,-0.0009868645574897,4.523578354564961e-06,4.229740557804007e-09,-0.0007603912381455,-1.4180221796777914e-06,0.0,1.0,-0.9523814916610718,0.0077954530715942
-0.0459101684391498,-0.0009868645574897,7.88264787843218e-06,6.9588441675705334e-09,-0.0007605041028,-2.302317625435535e-06,0.0,1.0,-0.8849725723266602,-0.0516968369483947
-0.0459101684391498,-0.0009868645574897,3.671103058877634e-06,2.514285224464174e-09,-0.0007605628925375,-1.175247348328412e-06,0.0,1.0,-0.9367474913597108,-0.0356296896934509
-0.0459101684391498,-0.0009868645574897,-1.9170242637756019e-07,-4.474163262102593e-10,-0.0007605495047755,1.667179105879768e-07,0.0,1.0,-0.9703144431114196,-0.1450842022895813
-0.0459101684391498,-0.0009868645574897,-1.3330885622053756e-06,-4.4732739734598676e-10,-0.0007605319842696,3.840168574242853e-07,0.0,1.0,-0.9419451951980592,-0.1553080081939697
-0.0459101684391498,-0.0009868645574897,-8.26825726107927e-07,-6.247968115102864e-11,-0.000760517839808,3.1709646464150865e-07,0.0,1.0,-0.9872393012046814,-0.1500359773635864
-0.0459101684391498,-0.0009868645574897,-1.3404456922216926e-07,-7.996934711651527e-12,-0.0007605135906487,1.629605606012774e-07,0.0,1.0,-0.9528571963310242,-0.0325082540512084
-0.0459101684391498,-0.0009868645574897,1.983386965775935e-07,-6.226406057407985e-10,-0.0007605260470882,-1.7054927070603298e-07,0.0,1.0,-0.8911245465278625,0.0427888631820678
-0.0459101684391498,-0.0009868645574897,1.9292137665161133e-07,-2.5888294286069424e-10,-0.0007605383871123,-1.5525110086400673e-07,0.0,1.0,-0.6384906768798828,-0.058995246887207
-0.0459101684391498,-0.0009868645574897,9.820528390491745e-08,4.457743636027134e-12,-0.0007605493883602,-1.587436884165072e-07,0.0,1.0,-0.8875758647918701,0.0450220108032226
-0.0459101684391498,-0.0009868645574897,1.6903412003443922e-08,1.0629146868224025e-10,-0.0007605563150718,-6.15203603615555e-08,0.0,1.0,-0.9443124532699584,-0.1618603467941284
-0.0459101684391498,-0.0009868645574897,-4.9305576510505495e-08,8.587312527730261e-10,-0.0007605532882735,1.2234451673975857e-07,0.0,1.0,-0.9089490175247192,-0.1445459127426147
-0.0459101684391498,-0.0009868645574897,-8.110357896384812e-08,9.628399189054446e-10,-0.0007605490391142,1.7675978369879888e-07,0.0,1.0,-0.8589159846305847,-0.1520053148269653
-0.0459101684391498,-0.0009868645574897,-8.002915308225057e-08,5.235670577641294e-11,-0.0007605421706102,1.9930951111746253e-07,0.0,1.0,-0.8799638748168945,0.0237116813659667
-0.0459101684391498,-0.0009868645574897,0.0,0.0,-0.0007605358841829,0.0,0.0,1.0,-0.8799638748168945,0.0237116813659667
