mean_fit_time,std_fit_time,mean_score_time,std_score_time,param_model__criterion,param_model__max_depth,param_model__max_features,param_model__n_estimators,param_pca__n_components,params,split0_test_accuracy,split1_test_accuracy,split2_test_accuracy,split3_test_accuracy,split4_test_accuracy,split5_test_accuracy,split6_test_accuracy,split7_test_accuracy,split8_test_accuracy,split9_test_accuracy,mean_test_accuracy,std_test_accuracy,rank_test_accuracy,split0_train_accuracy,split1_train_accuracy,split2_train_accuracy,split3_train_accuracy,split4_train_accuracy,split5_train_accuracy,split6_train_accuracy,split7_train_accuracy,split8_train_accuracy,split9_train_accuracy,mean_train_accuracy,std_train_accuracy,split0_test_precision_macro,split1_test_precision_macro,split2_test_precision_macro,split3_test_precision_macro,split4_test_precision_macro,split5_test_precision_macro,split6_test_precision_macro,split7_test_precision_macro,split8_test_precision_macro,split9_test_precision_macro,mean_test_precision_macro,std_test_precision_macro,rank_test_precision_macro,split0_train_precision_macro,split1_train_precision_macro,split2_train_precision_macro,split3_train_precision_macro,split4_train_precision_macro,split5_train_precision_macro,split6_train_precision_macro,split7_train_precision_macro,split8_train_precision_macro,split9_train_precision_macro,mean_train_precision_macro,std_train_precision_macro
3.834755516052246,0.13455275135127892,0.04563639163970947,0.002549549581299255,gini,5,auto,200,,"{'model__criterion': 'gini', 'model__max_depth': 5, 'model__max_features': 'auto', 'model__n_estimators': 200, 'pca__n_components': None}",0.6402535657686212,0.6465927099841522,0.6497622820919176,0.6553090332805072,0.6537242472266244,0.6442155309033281,0.6640253565768621,0.6798732171156894,0.6465927099841522,0.6442155309033281,0.6524564183835183,0.011207250211243825,36,0.6662264483183659,0.672125374185596,0.6693079767564712,0.6734460292304983,0.672653636203557,0.6708927628103539,0.6682514527205494,0.6733579855608381,0.6798732171156894,0.6735340729001584,0.6719668955802078,0.003529398273703505,0.640574722034259,0.6500315136073912,0.6464983444005502,0.6549036733182476,0.655342436239113,0.6439434727055054,0.6601767210927248,0.6797556340470273,0.6534859441921111,0.653583045540137,0.6538295507177068,0.010284291198834193,36,0.6675339537195957,0.6752022834448567,0.6712663541244311,0.6746839006957067,0.6741437720595521,0.6705822513299922,0.6689961429671284,0.6735355727373301,0.6806716347698373,0.6752615140000876,0.6731877379848518,0.0035729003126714854
9.014376139640808,0.08865588534178698,0.08990921974182128,0.0032118124836450043,gini,5,auto,500,,"{'model__criterion': 'gini', 'model__max_depth': 5, 'model__max_features': 'auto', 'model__n_estimators': 500, 'pca__n_components': None}",0.6473851030110935,0.6497622820919176,0.6561014263074485,0.6545166402535658,0.659270998415214,0.6410459587955626,0.6640253565768621,0.6798732171156894,0.6442155309033281,0.6513470681458003,0.6547543581616482,0.010625455715940637,29,0.6747666842754007,0.6729177672125374,0.669748195104772,0.6704525444620532,0.6714210248283149,0.6736221165698186,0.6707166754710336,0.6710688501496742,0.6782003873921465,0.6717731995069555,0.6724687444972707,0.0024029470865853174,0.6488289322117332,0.651233709130348,0.6519919993413881,0.6565237911390559,0.6613558944059835,0.6395343764075044,0.6613118336575143,0.6799286191031857,0.6482116305453987,0.6583679579881015,0.6557288743930213,0.010279142743100012,28,0.6757874632848587,0.6742523636329223,0.6705931867480102,0.6727070959943063,0.673513880617138,0.6746842291542612,0.6715394571483083,0.6726290881122917,0.6788197886963104,0.6739275924995081,0.6738454145887915,0.002194800247135087
3.661337161064148,0.19603743776872135,0.045022988319396974,0.004177231173241707,gini,5,sqrt,200,,"{'model__criterion': 'gini', 'model__max_depth': 5, 'model__max_features': 'sqrt', 'model__n_estimators': 200, 'pca__n_components': None}",0.6450079239302694,0.6537242472266244,0.6600633914421553,0.6553090332805072,0.6537242472266244,0.6481774960380349,0.6632329635499208,0.6743264659270999,0.6442155309033281,0.6473851030110935,0.6545166402535658,0.00888046004825478,31,0.6736221165698186,0.6719492868462758,0.6684275400598697,0.6674590596936081,0.6718612431766156,0.6739742912484592,0.669748195104772,0.6705405881317134,0.677936256383166,0.6753829899630217,0.6720901567177321,0.00306164186599937,0.6465610628270975,0.6543228963277634,0.6557278697778519,0.6585275800352706,0.6546375091433856,0.6475374921848853,0.6617439737889604,0.6729683384103617,0.648553172523336,0.6547773530091245,0.6555357248028036,0.007399673513542139,31,0.6751368914982879,0.6729281108093259,0.6694285903641282,0.6690716487177244,0.6725161531791249,0.6749348358689135,0.671397515067037,0.6705737862867192,0.6789426769669228,0.677114090111759,0.6732044298869944,0.00311470357558852
8.854777669906616,0.19483095130076633,0.08773293495178222,0.003311797878808362,gini,5,sqrt,500,,"{'model__criterion': 'gini', 'model__max_depth': 5, 'model__max_features': 'sqrt', 'model__n_estimators': 500, 'pca__n_components': None}",0.6426307448494454,0.6434231378763867,0.6537242472266244,0.6624405705229794,0.6561014263074485,0.6442155309033281,0.6671949286846276,0.6782884310618067,0.6458003169572107,0.6473851030110935,0.6541204437400951,0.011346725065420551,32,0.6705405881317134,0.6716851558372953,0.6681634090508892,0.6714210248283149,0.6689558020778306,0.6753829899630217,0.6703645007923931,0.6738862475787991,0.6764395139989435,0.6742384222574397,0.6721077654516641,0.0026235831737884707,0.6426396935943508,0.6440958953885959,0.6504046653663015,0.6647639878966947,0.6590834128346383,0.6424168443749892,0.6647025914883058,0.6775883980626242,0.6501170290898105,0.6551555425331425,0.6550968060629454,0.010914619510534598,32,0.6720663295628339,0.6722005177590932,0.6703516831866112,0.6725731279785215,0.6713466168602062,0.6751132299797934,0.6707219631352237,0.674553838926854,0.6777591038907168,0.6768871626860264,0.673357357396588,0.0024493276348665836
2.969836616516113,0.09565636539619693,0.04416804313659668,0.001566417111274976,gini,5,log2,200,,"{'model__criterion': 'gini', 'model__max_depth': 5, 'model__max_features': 'log2', 'model__n_estimators': 200, 'pca__n_components': None}",0.6458003169572107,0.6481774960380349,0.659270998415214,0.6576862123613312,0.6584786053882726,0.6513470681458003,0.6687797147385103,0.6782884310618067,0.6473851030110935,0.6481774960380349,0.6563391442155309,0.010004569971010832,25,0.6735340729001584,0.669748195104772,0.6669307976756471,0.6716851558372953,0.6731818982215179,0.6783764747314668,0.6728297235428773,0.6704525444620532,0.6749427716147209,0.6713329811586547,0.6723014615249163,0.0029420289870911165,0.6467023436456819,0.6512065501879556,0.6551888885280327,0.6633826041321037,0.660062958375698,0.6491950610749552,0.66765759115374,0.6772031318230587,0.6519039481482126,0.6581040581737732,0.658060713524321,0.008897250557351126,25,0.6757023716639018,0.6711529212474162,0.6667589156201048,0.673654796341011,0.6750096804511395,0.6771224522891189,0.6741379033963996,0.6705766170369117,0.6761638404208309,0.674244241407096,0.673452373987393,0.0029632253234149137
7.359117078781128,0.07686726306617739,0.0963794469833374,0.01593660629983417,gini,5,log2,500,,"{'model__criterion': 'gini', 'model__max_depth': 5, 'model__max_features': 'log2', 'model__n_estimators': 500, 'pca__n_components': None}",0.6465927099841522,0.6450079239302694,0.6521394611727417,0.661648177496038,0.661648177496038,0.6458003169572107,0.6632329635499208,0.6806656101426307,0.6450079239302694,0.6450079239302694,0.6546751188589541,0.011299869077639222,30,0.6702764571227329,0.6699242824440923,0.6690438457474908,0.6723014615249163,0.6701003697834126,0.6759992956506428,0.6737101602394788,0.671509068497975,0.6748547279450607,0.6733579855608381,0.6721077654516641,0.0022080537896696263,0.6468606986873261,0.6481003490909345,0.6470761896796412,0.6628342425170436,0.6649796115077496,0.6448956713349995,0.660879829096096,0.6805461969840817,0.6475182479448033,0.6531632778347903,0.6556854314677466,0.010869858359964698,29,0.6712770195554162,0.6705964071151874,0.669674046355586,0.6730535233606455,0.6726005227248625,0.6755075232340131,0.674088667157591,0.672294359403861,0.6753267016379937,0.6741664286059791,0.6728585199151136,0.001857822987196646
4.098826670646668,0.11920129555136644,0.04890365600585937,0.004196179968098605,gini,6,auto,200,,"{'model__criterion': 'gini', 'model__max_depth': 6, 'model__max_features': 'auto', 'model__n_estimators': 200, 'pca__n_components': None}",0.6735340729001584,0.6782884310618067,0.6806656101426307,0.6854199683042789,0.6806656101426307,0.6695721077654516,0.6838351822503962,0.6957210776545166,0.6545166402535658,0.6608557844690967,0.6763074484944532,0.011511537254646504,14,0.7021482655397077,0.7006515231554851,0.6981863004050008,0.6991547807712626,0.7020602218700476,0.7026765275576686,0.6991547807712626,0.7033808769149498,0.7055819686564536,0.7021482655397077,0.7015143511181546,0.002131602519616898,0.6746863105083435,0.6797555811708279,0.675299392744357,0.6844486753760363,0.6808480666276899,0.6696152995880703,0.6830056130272742,0.6941567164369051,0.6558049066501225,0.6693048584571579,0.6766925420586785,0.009892344625217772,14,0.7030937233813035,0.7007404011792938,0.6990613777886113,0.7003978178421256,0.703201902793184,0.7033986882976694,0.698939055479661,0.7043117741864547,0.705108752611309,0.7045153475899628,0.7022768841149575,0.002175420807148798
10.178686690330505,0.14052885761701567,0.09583537578582764,0.006162782459713073,gini,6,auto,500,,"{'model__criterion': 'gini', 'model__max_depth': 6, 'model__max_features': 'auto', 'model__n_estimators': 500, 'pca__n_components': None}",0.6743264659270999,0.6743264659270999,0.6806656101426307,0.6862123613312203,0.6703645007923931,0.6711568938193344,0.6854199683042789,0.6949286846275753,0.6584786053882726,0.6687797147385103,0.6764659270998414,0.009954235358389857,13,0.7002993484768445,0.6967776016904385,0.700035217467864,0.6999471737982039,0.6990667371016024,0.7044374009508716,0.6992428244409227,0.7014439161824265,0.7035569642542702,0.7047895756295123,0.7009596759992955,0.002451111095807056,0.6755755210083966,0.6744623701684598,0.6760005756681655,0.6845545897059735,0.6722701751668767,0.6695797469031008,0.6842540546614558,0.6941290506505132,0.6614134823182068,0.6749451231602357,0.6767184689411385,0.008581176605068953,13,0.7011301004248461,0.697079429148837,0.7013710050872355,0.7010346913820509,0.7005167373820579,0.7043298827605199,0.6995695575995136,0.7022288461308122,0.7036421321059301,0.7058672175453148,0.7016769599567118,0.002376814281470066
4.175300288200378,0.12878925803896799,0.04666128158569336,0.0027685030554312584,gini,6,sqrt,200,,"{'model__criterion': 'gini', 'model__max_depth': 6, 'model__max_features': 'sqrt', 'model__n_estimators': 200, 'pca__n_components': None}",0.6703645007923931,0.6719492868462758,0.6767036450079239,0.6767036450079239,0.6759112519809826,0.6568938193343898,0.6838351822503962,0.6917591125198098,0.6545166402535658,0.6735340729001584,0.6732171156893818,0.01055519860877762,23,0.6978341257263603,0.698274344074661,0.7020602218700476,0.6983623877443211,0.69765803838704,0.7037330515935905,0.6959852086634971,0.7027645712273287,0.7016200035217468,0.7003873921465047,0.6998679344955097,0.0024571756316988354,0.671164997002594,0.6728327479348266,0.6725611573311278,0.6760263434122674,0.6777152192525409,0.6551577984081912,0.6832472581949148,0.6891388230916602,0.6579202582097533,0.6798087893356554,0.6735573392173531,0.00994707928377003,21,0.6984103321268116,0.698728411726651,0.7026819052904688,0.6996784782987461,0.6985168783348873,0.7036220958374528,0.6957340171384326,0.7029582034863238,0.701902734287238,0.7001458225330506,0.7002378879060063,0.002382950567406473
10.30164659023285,0.12717141016858194,0.09431254863739014,0.004155603251449856,gini,6,sqrt,500,,"{'model__criterion': 'gini', 'model__max_depth': 6, 'model__max_features': 'sqrt', 'model__n_estimators': 500, 'pca__n_components': None}",0.6727416798732171,0.6759112519809826,0.6854199683042789,0.6814580031695721,0.6767036450079239,0.6671949286846276,0.6782884310618067,0.6917591125198098,0.6600633914421553,0.6679873217115689,0.6757527733755943,0.008822292018837883,16,0.6995069554499032,0.6973939073780595,0.701179785173446,0.6991547807712626,0.701179785173446,0.7020602218700476,0.6985384750836415,0.7024123965486881,0.7047015319598521,0.7029406585666491,0.7009068497974996,0.0021274710269250452,0.6743093135287642,0.6759255745011367,0.6801739685494398,0.6818056065925122,0.6786122150124948,0.6645537495613292,0.6761482381183335,0.690151036242428,0.662810101677616,0.6732951802837055,0.675778498406776,0.0075690421904136855,15,0.7000312020869094,0.6978236079818829,0.701739678902612,0.7004981579414059,0.7022842485847549,0.701503639553625,0.6983783276608647,0.7033087810319847,0.7051300969467235,0.7038959236453869,0.7014593664336151,0.002219628082825896
3.4900789976119997,0.09716177555416816,0.04501597881317139,0.0013247878731057956,gini,6,log2,200,,"{'model__criterion': 'gini', 'model__max_depth': 6, 'model__max_features': 'log2', 'model__n_estimators': 200, 'pca__n_components': None}",0.6679873217115689,0.6664025356576863,0.6854199683042789,0.6830427892234548,0.6727416798732171,0.6608557844690967,0.6782884310618067,0.6909667194928685,0.6640253565768621,0.6656101426307448,0.6735340729001584,0.009769277342264624,22,0.7001232611375242,0.7006515231554851,0.7013558725127663,0.6968656453600987,0.7006515231554851,0.7018841345307273,0.7003873921465047,0.7001232611375242,0.705229793977813,0.7017960908610671,0.7009068497974995,0.0019645579203536124,0.6682586573512167,0.6647252923461143,0.680609116230393,0.6801453006959084,0.6747569765133717,0.6591884547571606,0.6769550915045937,0.6880879023724021,0.6673377010638797,0.6697782529924888,0.6729842745827529,0.008243040665436097,23,0.7008350913715817,0.7004814563840966,0.7013156324345401,0.6966917079782723,0.7019302062387333,0.7017719256677636,0.7004755743315364,0.7000168897266512,0.7047920626314121,0.7022643006781631,0.7010574847442751,0.0019391987401266458
8.704684734344482,0.14441136049592707,0.10073707103729249,0.011548417885895576,gini,6,log2,500,,"{'model__criterion': 'gini', 'model__max_depth': 6, 'model__max_features': 'log2', 'model__n_estimators': 500, 'pca__n_components': None}",0.6679873217115689,0.679080824088748,0.6862123613312203,0.6822503961965135,0.6743264659270999,0.6679873217115689,0.6798732171156894,0.6925515055467512,0.6600633914421553,0.6679873217115689,0.6758320126782884,0.00943879468791572,15,0.7018841345307273,0.700035217467864,0.700035217467864,0.7024123965486881,0.7032928332452897,0.7019721782003874,0.7008276104948055,0.7001232611375242,0.7025884838880084,0.7035569642542702,0.7016728297235428,0.001271735874996869,0.6676111101517108,0.6786061210957375,0.6807890682193304,0.6815640516566448,0.6754359531623862,0.6662604503314823,0.6786132329792302,0.6907020892805267,0.6625556868463958,0.6725804678101657,0.6754718231533611,0.007992932043078325,16,0.7019065936507399,0.6999926563022145,0.7007032372013818,0.7038072777289184,0.7040582698782524,0.7015286466306373,0.7014051757004797,0.7004819262170984,0.7025614056461971,0.7042517589061578,0.7020696947862077,0.0014642415681644424
4.682985377311707,0.1043768706182647,0.04841268062591553,0.0034144542492354087,gini,7,auto,200,,"{'model__criterion': 'gini', 'model__max_depth': 7, 'model__max_features': 'auto', 'model__n_estimators': 200, 'pca__n_components': None}",0.687797147385103,0.6988906497622821,0.705229793977813,0.6996830427892234,0.6949286846275753,0.6774960380348652,0.6988906497622821,0.7076069730586371,0.6767036450079239,0.6901743264659271,0.6937400950871633,0.010080846386845026,4,0.7346363796443036,0.7319070258848389,0.7294418031343547,0.7322592005634795,0.7308505018489171,0.7363092093678465,0.7339320302870224,0.7324352879027998,0.7338439866173622,0.7304102835006163,0.732602570875154,0.001991986809987766,0.6890608426038237,0.6993163575851054,0.7018933250004593,0.6986908316058557,0.6988240666176305,0.6753014753992505,0.698136372418123,0.7060055742567485,0.6803980925212674,0.694082326269242,0.6941709264277505,0.009251182366074827,3,0.7355122318331058,0.732499107038275,0.7306530290560415,0.7331693725662787,0.7322164622340168,0.736295096803752,0.7342636574172084,0.7332083418829579,0.7341351642021954,0.7313959693190081,0.733334843235284,0.001671864386689401
11.57154631614685,0.12958945328521984,0.10074026584625244,0.003412571472406602,gini,7,auto,500,,"{'model__criterion': 'gini', 'model__max_depth': 7, 'model__max_features': 'auto', 'model__n_estimators': 500, 'pca__n_components': None}",0.6846275752773375,0.6988906497622821,0.7060221870047544,0.7076069730586371,0.6933438985736925,0.6830427892234548,0.6988906497622821,0.7091917591125199,0.6798732171156894,0.6822503961965135,0.6943740095087163,0.010737144809779173,3,0.7334918119387216,0.7305863708399366,0.7345483359746434,0.7351646416622645,0.7321711568938193,0.7381581264307097,0.7306744145095968,0.7351646416622645,0.73261137524212,0.733139637260081,0.7335710512414158,0.0021782402451156063,0.685356486100879,0.6993638843668026,0.7028908623919141,0.70633452794162,0.696026674482226,0.6820238690573651,0.6989141553761272,0.7068979873007409,0.6827391815741198,0.6864498359391557,0.6946997464530951,0.009228359989197646,1,0.7342917115950609,0.7310857780543468,0.7356807753891813,0.736295445681249,0.7336222697365774,0.7381406882182436,0.7314259043649057,0.735801720288739,0.7333271279168008,0.7335850784682494,0.7343256499713354,0.002083181294973768
4.683043479919434,0.1254080085028093,0.04992818832397461,0.002311919560744804,gini,7,sqrt,200,,"{'model__criterion': 'gini', 'model__max_depth': 7, 'model__max_features': 'sqrt', 'model__n_estimators': 200, 'pca__n_components': None}",0.6838351822503962,0.6996830427892234,0.7012678288431062,0.6988906497622821,0.6901743264659271,0.6782884310618067,0.6988906497622821,0.6996830427892234,0.6751188589540412,0.6870047543581617,0.6912836767036451,0.009282842881526126,11,0.7314668075365381,0.7312026765275577,0.7324352879027998,0.736045078358866,0.7301461524916358,0.7341081176263426,0.7279450607501321,0.7305863708399366,0.7297059341433351,0.7362211656981863,0.7319862651875331,0.002585982119023269,0.6860683629454281,0.6992547712956048,0.6977086612139444,0.6970385148462154,0.6912238419888844,0.6773162287195272,0.6991278575070362,0.6981032494709322,0.6770991138473358,0.6902123700254217,0.6913152971860331,0.008189059079384255,10,0.7324045372861011,0.7315396786770884,0.733321606834109,0.7371170194938201,0.7312146453188786,0.7341960530538102,0.7281588313280837,0.7313054968250857,0.7300118157675054,0.7372576436760745,0.7326527328260557,0.0027625624666504445
11.58515784740448,0.13494477381949194,0.09929614067077637,0.0034113215102552392,gini,7,sqrt,500,,"{'model__criterion': 'gini', 'model__max_depth': 7, 'model__max_features': 'sqrt', 'model__n_estimators': 500, 'pca__n_components': None}",0.6830427892234548,0.7012678288431062,0.705229793977813,0.7020602218700476,0.6949286846275753,0.6798732171156894,0.6988906497622821,0.7107765451664025,0.6806656101426307,0.687797147385103,0.6944532488114105,0.010411453379180265,2,0.7337559429477021,0.7333157245994013,0.7318189822151787,0.7345483359746434,0.7317309385455186,0.7364852967071668,0.7348124669836239,0.7336678992780419,0.7324352879027998,0.7340200739566826,0.733659094911076,0.001377229276396095,0.6838075132990344,0.7016099890865403,0.7014480865598246,0.7002156129659624,0.6973246573918381,0.6780365365527887,0.6980680363474983,0.7093377978343305,0.6830085888528407,0.6921833737526203,0.6945040192643278,0.009461289166214333,2,0.7344426276493227,0.7339679301069103,0.7329072945718027,0.7358820949765111,0.7330413830655401,0.7361119084237394,0.7353671158026291,0.7344980003427793,0.7332352565964831,0.7350268224801887,0.7344480434015905,0.0010982311198406037
3.904026174545288,0.11477684757904726,0.05174684524536133,0.008752049908321334,gini,7,log2,200,,"{'model__criterion': 'gini', 'model__max_depth': 7, 'model__max_features': 'log2', 'model__n_estimators': 200, 'pca__n_components': None}",0.6838351822503962,0.6996830427892234,0.7028526148969889,0.7028526148969889,0.6901743264659271,0.6782884310618067,0.7036450079239303,0.7044374009508716,0.6735340729001584,0.6854199683042789,0.6924722662440571,0.011067719642598275,9,0.731995069554499,0.7334918119387216,0.7322592005634795,0.73261137524212,0.7319070258848389,0.7335798556083818,0.7349885543229442,0.7339320302870224,0.7316428948758584,0.7351646416622645,0.7331572459940131,0.0012077075681973773,0.6846599959343119,0.6986433718434828,0.7000701979269767,0.7015988528863123,0.6931530830111646,0.676249381043948,0.7025756648107372,0.7016503232715684,0.675954991279472,0.6895778430573498,0.6924133705065323,0.009855260225650565,6,0.7327186414023171,0.7334547026484487,0.7326747558241978,0.7332034162490082,0.7330500444071378,0.733214053308995,0.7351750879221488,0.7344358352926112,0.7318692262560547,0.7355063741223619,0.733530213743328,0.0010965093335997802
9.643483066558838,0.15012957676177674,0.10082566738128662,0.007470710939621678,gini,7,log2,500,,"{'model__criterion': 'gini', 'model__max_depth': 7, 'model__max_features': 'log2', 'model__n_estimators': 500, 'pca__n_components': None}",0.6862123613312203,0.6996830427892234,0.7083993660855784,0.6996830427892234,0.6901743264659271,0.6759112519809826,0.6996830427892234,0.705229793977813,0.6806656101426307,0.6838351822503962,0.6929477020602219,0.010501823673123214,5,0.7349885543229442,0.7318189822151787,0.7317309385455186,0.7328755062511005,0.7309385455185772,0.7363972530375066,0.7309385455185772,0.7347244233139637,0.733139637260081,0.7356048600105652,0.7333157245994013,0.0018920172861009795,0.6866047692080391,0.7002010553581887,0.7050762576950759,0.6981101699333764,0.6921590542611671,0.6731022710224978,0.6981950755713383,0.7026065476360055,0.6831472016628448,0.6876285606356769,0.6926830962984211,0.00951593980670885,5,0.7357638512866966,0.7323585580884301,0.7325206543442161,0.7336831956783512,0.7321619294158654,0.7355987232749868,0.7312286990135873,0.7347568782222591,0.7335625700455013,0.736032686462325,0.7337667745832219,0.0016143402091847827
7.891218161582946,0.1568236862020564,0.045748662948608396,0.004773788946076979,entropy,5,auto,200,,"{'model__criterion': 'entropy', 'model__max_depth': 5, 'model__max_features': 'auto', 'model__n_estimators': 200, 'pca__n_components': None}",0.6561014263074485,0.6497622820919176,0.6553090332805072,0.6600633914421553,0.6632329635499208,0.6347068145800316,0.661648177496038,0.6711568938193344,0.6362916006339144,0.652931854199683,0.654120443740095,0.010889279361927002,33,0.6710688501496742,0.669748195104772,0.66860362739919,0.6685155837295298,0.6696601514351118,0.6722134178552562,0.6688677584081705,0.6672829723542877,0.6774079943652052,0.6730058108821976,0.6706374361683395,0.002808703459574927,0.6588404739492473,0.6509415816289211,0.6505007726270743,0.6598660456596377,0.6653234262029363,0.6333149154216846,0.657798443406323,0.6710136827624125,0.636393651142075,0.6623931859889326,0.6546386178789245,0.011470728993876923,34,0.672410619810503,0.6712208720654311,0.6697784968345921,0.6678475009275303,0.6717770526827005,0.6729035916960766,0.6680956789558854,0.6672392464097732,0.6762273598889418,0.6756896345193167,0.6713190053790751,0.0029761567940776584
19.853465008735657,0.21458211413621392,0.08774294853210449,0.004494041842887604,entropy,5,auto,500,,"{'model__criterion': 'entropy', 'model__max_depth': 5, 'model__max_features': 'auto', 'model__n_estimators': 500, 'pca__n_components': None}",0.650554675118859,0.6545166402535658,0.659270998415214,0.659270998415214,0.659270998415214,0.6410459587955626,0.6656101426307448,0.6782884310618067,0.6410459587955626,0.6513470681458003,0.6560221870047542,0.010592312120456656,26,0.6717731995069555,0.6711568938193344,0.6660503609790456,0.6687797147385103,0.6685155837295298,0.6698362387744321,0.6665786229970065,0.6669307976756471,0.6736221165698186,0.671509068497975,0.6694752597288255,0.0023993959631209293,0.6521878249221192,0.6537827927144422,0.653393903486375,0.659958875876905,0.6613297046360639,0.6416204440175897,0.6654906189698161,0.678593262292772,0.6445675659003401,0.6629764343675237,0.6573901427183947,0.010186579767469384,26,0.673217278431867,0.6703787326897103,0.6665829446054421,0.6692515800626023,0.6700167166106086,0.6694132178696045,0.6671658199097523,0.6670307179922265,0.6735914330161398,0.6741150922448887,0.6700763533432841,0.002640049261527224
7.9762777328491214,0.0900992922111725,0.04567937850952149,0.0033023096522429426,entropy,5,sqrt,200,,"{'model__criterion': 'entropy', 'model__max_depth': 5, 'model__max_features': 'sqrt', 'model__n_estimators': 200, 'pca__n_components': None}",0.6450079239302694,0.6537242472266244,0.6537242472266244,0.6608557844690967,0.6553090332805072,0.6402535657686212,0.6648177496038035,0.6774960380348652,0.6354992076069731,0.652931854199683,0.6539619651347068,0.01153768872893933,34,0.6695721077654516,0.6656101426307448,0.6657862299700652,0.66860362739919,0.6655220989610847,0.6693079767564712,0.6686916710688502,0.6683394963902095,0.6710688501496742,0.6695721077654516,0.6682074308857192,0.0018262430456674951,0.6454151853354,0.6548564290887035,0.6480249983335125,0.6608426663431725,0.6574428581229357,0.6395086408903427,0.6640969423361289,0.6780783232367946,0.6389590106025322,0.6599862029546496,0.6547211257244172,0.011477750917785431,33,0.6700071815514772,0.6661806792643522,0.66626586701787,0.6691228609018977,0.6665101097555407,0.6686605090748253,0.6680740720112102,0.6691167889340134,0.6714212929653122,0.6704288615021098,0.6685788222978608,0.0017253912633031115
19.737735748291016,0.1400472381062849,0.08935208320617676,0.0038426036488983227,entropy,5,sqrt,500,,"{'model__criterion': 'entropy', 'model__max_depth': 5, 'model__max_features': 'sqrt', 'model__n_estimators': 500, 'pca__n_components': None}",0.6473851030110935,0.6497622820919176,0.661648177496038,0.6513470681458003,0.6608557844690967,0.6370839936608558,0.659270998415214,0.6751188589540412,0.6418383518225039,0.6473851030110935,0.6531695721077655,0.010578075932644045,35,0.6722134178552562,0.6666666666666666,0.6701884134530727,0.6684275400598697,0.6699242824440923,0.6710688501496742,0.6652579679521042,0.6674590596936081,0.6716851558372953,0.6709808064800141,0.6693872160591654,0.0022058234051278926,0.6490616452184383,0.6497954063566781,0.6563137008201758,0.6519734028868331,0.6624703401217527,0.6361824010002091,0.6592803204608172,0.6758936250375436,0.6463513254224369,0.6570381690463544,0.654436033637124,0.010068683136180564,35,0.6730369846457986,0.6666341810130184,0.6702695236800681,0.6689309215829937,0.6722218672852805,0.670908158164311,0.6662237649037739,0.6675330283429507,0.6715358278095541,0.6722626898296508,0.66995569472574,0.0023523144722540825
6.58694806098938,0.09297236494101857,0.041681456565856936,0.0007438796073475983,entropy,5,log2,200,,"{'model__criterion': 'entropy', 'model__max_depth': 5, 'model__max_features': 'log2', 'model__n_estimators': 200, 'pca__n_components': None}",0.6434231378763867,0.6545166402535658,0.6600633914421553,0.6568938193343898,0.6664025356576863,0.6458003169572107,0.6624405705229794,0.6687797147385103,0.6418383518225039,0.6521394611727417,0.6552297939778129,0.008968054893588748,28,0.6690438457474908,0.6732699418911781,0.6701003697834126,0.66860362739919,0.6724775488642366,0.6730058108821976,0.6699242824440923,0.6653460116217644,0.6748547279450607,0.6760873393203028,0.6712713505898925,0.0030800313320498234,0.6440846924691114,0.655186720998908,0.653308320752596,0.6565347990669979,0.6686242904923233,0.6444550696287527,0.662369442931954,0.6675268717367979,0.6447034662771207,0.6597611483142715,0.6556554822668833,0.008699625351838642,30,0.6695461040959714,0.6737202017876104,0.6700768604212184,0.6687661935778291,0.6731955351118606,0.6722085999525113,0.669441571644578,0.6657644350050728,0.6742987657147037,0.6762880353981535,0.6713306302709509,0.0029871110919811395
16.508489847183228,0.212554022819241,0.09258744716644288,0.008499367591369295,entropy,5,log2,500,,"{'model__criterion': 'entropy', 'model__max_depth': 5, 'model__max_features': 'log2', 'model__n_estimators': 500, 'pca__n_components': None}",0.6450079239302694,0.6561014263074485,0.6608557844690967,0.659270998415214,0.6545166402535658,0.6465927099841522,0.6648177496038035,0.6774960380348652,0.6402535657686212,0.6545166402535658,0.6559429477020603,0.010177238895722533,27,0.6723895051945765,0.6730938545518578,0.6711568938193344,0.6702764571227329,0.6703645007923931,0.6723895051945765,0.669131889417151,0.6678992780419087,0.6741503785877795,0.6759992956506428,0.6716851558372953,0.0022918428460678266,0.6476830411396772,0.6548116519212234,0.6545465237999853,0.6595619967545016,0.6548999091239037,0.6463406785203567,0.6627381901431171,0.6781600453628421,0.6437954908189046,0.6611729779105954,0.6563710505495107,0.009437694939796152,27,0.672976661676085,0.6727440292604829,0.6709067637493868,0.6704711296693349,0.6720809812356986,0.6711089893858937,0.6681051284913629,0.66783326056387,0.674685574584018,0.6766423506433599,0.6717554869259492,0.0025794984190423437
9.266873955726624,0.25491093114073393,0.0530585527420044,0.02031657493063582,entropy,6,auto,200,,"{'model__criterion': 'entropy', 'model__max_depth': 6, 'model__max_features': 'auto', 'model__n_estimators': 200, 'pca__n_components': None}",0.6711568938193344,0.6743264659270999,0.6814580031695721,0.6774960380348652,0.6782884310618067,0.6608557844690967,0.687797147385103,0.687797147385103,0.6481774960380349,0.6695721077654516,0.6736925515055467,0.011547208387921941,21,0.6983623877443211,0.6934319422433527,0.6967776016904385,0.6972178200387392,0.7010036978341257,0.6981863004050008,0.6989786934319422,0.6973939073780595,0.6945765099489347,0.6959852086634971,0.6971914069378412,0.0020670771185837575,0.6725891297433436,0.674338033577504,0.6764116563523289,0.6751835282494769,0.6818217441294385,0.6586909571050034,0.6880688688950182,0.6852379148695302,0.6499689521205595,0.6747347977951528,0.6737045582837357,0.01098294248893974,20,0.6989374196893895,0.6935820431960863,0.6974001164166902,0.6971985529194011,0.7018702985070667,0.6976861226516308,0.698646347121081,0.6966844671590823,0.6954490183174442,0.6962721776696287,0.69737265636475,0.0021019674996319887
23.075786757469178,0.26874284680665855,0.09345266819000245,0.0059717344363773095,entropy,6,auto,500,,"{'model__criterion': 'entropy', 'model__max_depth': 6, 'model__max_features': 'auto', 'model__n_estimators': 500, 'pca__n_components': None}",0.6719492868462758,0.6774960380348652,0.6854199683042789,0.6774960380348652,0.6774960380348652,0.6679873217115689,0.6846275752773375,0.6909667194928685,0.6561014263074485,0.6671949286846276,0.6756735340729001,0.009730960620935725,17,0.6985384750836415,0.6960732523331572,0.6974819510477197,0.696513470681458,0.6988026060926219,0.6974819510477197,0.696513470681458,0.69765803838704,0.6985384750836415,0.6991547807712626,0.6976756471209721,0.0010144525952339777,0.6730188620746718,0.6779458284380587,0.6803859114153555,0.6752311564945321,0.6782432434974741,0.6652295323723895,0.6841476783767211,0.6885957625712246,0.6582634010367533,0.672358757626122,0.6753420133903302,0.00837908054580139,17,0.6983059116865515,0.6955667199203583,0.6978040623460117,0.6964836100191371,0.6991766870665569,0.6959260300142718,0.6962479295101438,0.6968213131119637,0.6983795704028903,0.6999441355394083,0.6974655969617294,0.0013987541740145232
9.356167078018188,0.17540551072207855,0.04738607406616211,0.0044129804690139374,entropy,6,sqrt,200,,"{'model__criterion': 'entropy', 'model__max_depth': 6, 'model__max_features': 'sqrt', 'model__n_estimators': 200, 'pca__n_components': None}",0.6719492868462758,0.6719492868462758,0.6727416798732171,0.679080824088748,0.6854199683042789,0.6576862123613312,0.6838351822503962,0.6933438985736925,0.6568938193343898,0.6671949286846276,0.6740095087163233,0.011145452280518053,19,0.6992428244409227,0.694752597288255,0.6968656453600987,0.6962493396724776,0.6977460820567001,0.6980982567353408,0.6944884662792745,0.698274344074661,0.7010036978341257,0.6951047719668956,0.697182602570875,0.001991111044535183,0.6715794620124625,0.670904046533229,0.6673472752999554,0.6788099526640167,0.6866593846865249,0.6547290144132345,0.6850856860437612,0.6912070229014721,0.6587488557967054,0.6736599113727884,0.673873061172415,0.011251645328689119,18,0.6986434919747395,0.6945545549220954,0.6975751557139385,0.6967841777918903,0.6981904134148477,0.6965354278685422,0.6946788786512056,0.6977270051656983,0.7007566321869224,0.6957268026080042,0.6971172540297884,0.0017945343385685976
22.947371578216554,0.2100390675676033,0.09474239349365235,0.007934340459619018,entropy,6,sqrt,500,,"{'model__criterion': 'entropy', 'model__max_depth': 6, 'model__max_features': 'sqrt', 'model__n_estimators': 500, 'pca__n_components': None}",0.6695721077654516,0.6735340729001584,0.6822503961965135,0.6782884310618067,0.6806656101426307,0.6568938193343898,0.6862123613312203,0.687797147385103,0.6568938193343898,0.6671949286846276,0.6739302694136292,0.010591126502351264,20,0.7009156541644656,0.6966015143511182,0.6980102130656806,0.6956330339848565,0.6984504314139813,0.696513470681458,0.6953689029758761,0.6978341257263603,0.6995069554499032,0.6985384750836415,0.6977372776897341,0.0016520568228612846,0.6698212619577354,0.6722688864427963,0.6766616997508491,0.6767586724490627,0.683282368484764,0.6550131981928556,0.6849892347585206,0.6843520514143825,0.6586666569315698,0.6725477297250891,0.6734361760107624,0.009714856176652732,22,0.7011198359047796,0.6958968742790618,0.6986385942497174,0.6958656466918623,0.6993152981232661,0.6952854078112888,0.6950467383651604,0.6969178175783174,0.6992355288570871,0.6990271931167618,0.6976348934977302,0.0019839431238840646
7.570927357673645,0.14481769730647587,0.04743034839630127,0.003807637370961019,entropy,6,log2,200,,"{'model__criterion': 'entropy', 'model__max_depth': 6, 'model__max_features': 'log2', 'model__n_estimators': 200, 'pca__n_components': None}",0.6671949286846276,0.6695721077654516,0.6798732171156894,0.6743264659270999,0.6782884310618067,0.6632329635499208,0.6854199683042789,0.6893819334389857,0.6576862123613312,0.6656101426307448,0.6730586370839936,0.009641179825201344,24,0.698274344074661,0.6989786934319422,0.6959852086634971,0.6953689029758761,0.6977460820567001,0.6987145624229618,0.6956330339848565,0.6962493396724776,0.7026765275576686,0.698274344074661,0.6977901038915302,0.0020679019698211314,0.6669396074344329,0.6676840891955768,0.6742406537429858,0.6724056732786406,0.6792670298524978,0.6604151535577867,0.6843988493597711,0.6855304752613491,0.6598165507765217,0.667976265991906,0.6718674348451469,0.008588914427047997,24,0.6976829676624394,0.6986104747725471,0.6951941466103317,0.6958184785421252,0.6987055708435507,0.6964736629484342,0.6948119943485407,0.6951667621044179,0.7016222260666092,0.6972085628379834,0.697129484673698,0.0020072895956783003
18.66770269870758,0.07129878802333393,0.09266805648803711,0.00347733559247189,entropy,6,log2,500,,"{'model__criterion': 'entropy', 'model__max_depth': 6, 'model__max_features': 'log2', 'model__n_estimators': 500, 'pca__n_components': None}",0.6703645007923931,0.6711568938193344,0.6798732171156894,0.679080824088748,0.6743264659270999,0.6695721077654516,0.6901743264659271,0.6917591125198098,0.652931854199683,0.6695721077654516,0.6748811410459588,0.010649066557155702,18,0.6988906497622821,0.6960732523331572,0.6973939073780595,0.6990667371016024,0.6972178200387392,0.7010917415037858,0.69765803838704,0.6969536890297587,0.6999471737982039,0.7006515231554851,0.6984944532488113,0.0016053188462776568,0.6705368068680988,0.6694308226404002,0.673178357137968,0.6763309466919722,0.6742592318015328,0.6669421066522455,0.6889796779440253,0.6895109755592745,0.6545817311722599,0.674837045964579,0.6738587702432357,0.009650968984508478,19,0.6979322185334487,0.695067642523659,0.6964852615454772,0.6982710689345218,0.6971671017822205,0.6995917323130822,0.6963409089515137,0.6959628595207692,0.699678563323927,0.7005116124477114,0.697700896987633,0.001712665381385814
10.195809578895568,0.1225490450896844,0.04988706111907959,0.004068848815525597,entropy,7,auto,200,,"{'model__criterion': 'entropy', 'model__max_depth': 7, 'model__max_features': 'auto', 'model__n_estimators': 200, 'pca__n_components': None}",0.687797147385103,0.7004754358161648,0.6973058637083994,0.705229793977813,0.6988906497622821,0.6822503961965135,0.7020602218700476,0.713946117274168,0.6703645007923931,0.6870047543581617,0.6945324881141047,0.012028985498475475,1,0.7316428948758584,0.72671244937489,0.7344602923049832,0.73252333157246,0.7309385455185772,0.7334037682690615,0.7291776721253742,0.7318189822151787,0.7289135411163937,0.7321711568938193,0.7311762634266596,0.002197232044711228,0.6878041247241101,0.6998749619056218,0.6933076860827125,0.7029999447106878,0.7006721458859164,0.6784228094048004,0.7023705261876648,0.7114198588317047,0.6716834490199519,0.6898622320755499,0.6938417738828719,0.01153241152196585,4,0.7321229786345312,0.7265458038931507,0.7351086160167067,0.7326896910418271,0.7313767945670059,0.7320588061564671,0.7295276987375844,0.731483148367458,0.7284558255274662,0.7316205365745504,0.7310989899516749,0.0022640841993654347
25.72773108482361,0.3020266283626236,0.09726650714874267,0.0012173282270348167,entropy,7,auto,500,,"{'model__criterion': 'entropy', 'model__max_depth': 7, 'model__max_features': 'auto', 'model__n_estimators': 500, 'pca__n_components': None}",0.6838351822503962,0.696513470681458,0.7044374009508716,0.7004754358161648,0.6988906497622821,0.6822503961965135,0.6988906497622821,0.7044374009508716,0.6735340729001584,0.6822503961965135,0.6925515055467513,0.010446373057164489,8,0.7342842049656629,0.7279450607501321,0.7312026765275577,0.7327874625814403,0.7304102835006163,0.7328755062511005,0.7307624581792569,0.7316428948758584,0.7297059341433351,0.7287374537770734,0.7310353935552034,0.0018566362145578245,0.6848972586992212,0.6957197255414941,0.7006687514335708,0.698109151617542,0.6998687171246113,0.6791719174842258,0.6979495692658544,0.7018179329410374,0.6749695836115969,0.6859941168399637,0.6919166724559118,0.009279311122027933,9,0.7349590961529746,0.7275765955713303,0.7316495559038138,0.733221478577347,0.7312212769906947,0.7315137134301637,0.7309998351290085,0.7315843074913225,0.7293055389949398,0.7290837344091569,0.7311115132650752,0.001995600918733661
10.248555898666382,0.1363232119657025,0.04873423576354981,0.0029492981595379817,entropy,7,sqrt,200,,"{'model__criterion': 'entropy', 'model__max_depth': 7, 'model__max_features': 'sqrt', 'model__n_estimators': 200, 'pca__n_components': None}",0.6870047543581617,0.7004754358161648,0.6957210776545166,0.6996830427892234,0.7004754358161648,0.6759112519809826,0.7028526148969889,0.705229793977813,0.6798732171156894,0.6798732171156894,0.6927099841521395,0.010403006930127615,7,0.7298820214826554,0.7271526677231906,0.7306744145095968,0.7326994189117803,0.7324352879027998,0.7288254974467335,0.7328755062511005,0.73252333157246,0.7301461524916358,0.729089628455714,0.7306303926747666,0.0018623889742600207,0.6882271729682609,0.6992894055607533,0.6904813693423021,0.6972382404357899,0.7010584535408484,0.6725015373895047,0.7024814154106817,0.7031562475291517,0.6813811827202899,0.6847235166847733,0.6920538541582355,0.009794692945666175,8,0.7304628515105989,0.7268164296961936,0.7307016358943341,0.7331385274197351,0.7329226605380852,0.7278018056247099,0.7328938588185192,0.7323467218502887,0.7297304415424789,0.7300873844982689,0.7306902317393213,0.0020799909471501113
24.538448214530945,1.0750613628086774,0.08660967350006103,0.006764855728963142,entropy,7,sqrt,500,,"{'model__criterion': 'entropy', 'model__max_depth': 7, 'model__max_features': 'sqrt', 'model__n_estimators': 500, 'pca__n_components': None}",0.6854199683042789,0.6917591125198098,0.7012678288431062,0.6957210776545166,0.6933438985736925,0.6822503961965135,0.7020602218700476,0.7076069730586371,0.679080824088748,0.6901743264659271,0.6928684627575278,0.008645440061480734,6,0.7306744145095968,0.7260081000176087,0.7308505018489171,0.7293537594646945,0.7320831132241592,0.7318189822151787,0.7303222398309561,0.7316428948758584,0.7290015847860539,0.734900510653284,0.7306656101426307,0.0022037138809948282,0.6852120368205934,0.6910596019338567,0.6968769538615641,0.6928998775481128,0.6949224367684572,0.679296565967635,0.7017092160469834,0.7053918170969565,0.6815660747853416,0.6941334616928875,0.6923068042522389,0.007921868032168999,7,0.7310471244042427,0.7259867443099842,0.7312797446744652,0.7300154353150626,0.7327885610092649,0.7305829812383643,0.7308763127649263,0.731146389734836,0.7289656993304187,0.7353966718858818,0.7308085664667447,0.002295534720985259
8.481665110588073,0.17167583216742444,0.04739155769348145,0.002885566707218658,entropy,7,log2,200,,"{'model__criterion': 'entropy', 'model__max_depth': 7, 'model__max_features': 'log2', 'model__n_estimators': 200, 'pca__n_components': None}",0.6822503961965135,0.6925515055467512,0.7028526148969889,0.6870047543581617,0.6909667194928685,0.6751188589540412,0.7076069730586371,0.7004754358161648,0.6774960380348652,0.6798732171156894,0.6896196513470683,0.010678506695595457,12,0.7288254974467335,0.7260081000176087,0.7306744145095968,0.7312907201972179,0.7314668075365381,0.7341961612960028,0.7301461524916358,0.7310265891882374,0.729617890473675,0.7283852790984329,0.7301637612255678,0.0020677332770188553,0.681099194805354,0.6917634476718184,0.697642961690785,0.6846091676932872,0.6918820712456164,0.6724991671042602,0.708199910337963,0.6973145605017856,0.677937775516189,0.6828339960811275,0.6885782252648187,0.010202966875961587,12,0.7284743478602884,0.7255992246467201,0.7299483269498536,0.7311632385110522,0.7316351574057408,0.7333660310342829,0.7298454595529142,0.7299884422824066,0.7293297365653763,0.7289926783050129,0.7298342643113649,0.0019562060213378896
16.25737283229828,0.7917788718213293,0.0760575532913208,0.002091184982479114,entropy,7,log2,500,,"{'model__criterion': 'entropy', 'model__max_depth': 7, 'model__max_features': 'log2', 'model__n_estimators': 500, 'pca__n_components': None}",0.6830427892234548,0.6925515055467512,0.7020602218700476,0.6925515055467512,0.6973058637083994,0.679080824088748,0.7004754358161648,0.7020602218700476,0.6759112519809826,0.6893819334389857,0.6914421553090333,0.009015190271523232,10,0.7333157245994013,0.7293537594646945,0.7319070258848389,0.7308505018489171,0.7316428948758584,0.7326994189117803,0.7292657157950343,0.7312907201972179,0.7294418031343547,0.7311146328578975,0.7310882197569996,0.0013294594118682889,0.6831397841890985,0.6911250017804103,0.6966294096183129,0.6890426025916098,0.6979504935164537,0.6752774939002647,0.6994391365172623,0.6989577168203,0.6776812654913911,0.6935726564439884,0.6902815560869092,0.00840367032408318,11,0.7334643228403366,0.7288918304841149,0.7313320410105748,0.7305493252715449,0.7314136609556654,0.7313277005606348,0.7285061635221657,0.7304363211015454,0.7290276512441947,0.7313013011009637,0.730625031809174,0.0014220060675595601
