mean_fit_time,std_fit_time,mean_score_time,std_score_time,param_model__metric,param_model__n_neighbors,param_model__weights,params,split0_test_accuracy,split1_test_accuracy,split2_test_accuracy,split3_test_accuracy,split4_test_accuracy,split5_test_accuracy,split6_test_accuracy,split7_test_accuracy,split8_test_accuracy,split9_test_accuracy,split10_test_accuracy,split11_test_accuracy,split12_test_accuracy,mean_test_accuracy,std_test_accuracy,rank_test_accuracy,split0_train_accuracy,split1_train_accuracy,split2_train_accuracy,split3_train_accuracy,split4_train_accuracy,split5_train_accuracy,split6_train_accuracy,split7_train_accuracy,split8_train_accuracy,split9_train_accuracy,split10_train_accuracy,split11_train_accuracy,split12_train_accuracy,mean_train_accuracy,std_train_accuracy,split0_test_precision_macro,split1_test_precision_macro,split2_test_precision_macro,split3_test_precision_macro,split4_test_precision_macro,split5_test_precision_macro,split6_test_precision_macro,split7_test_precision_macro,split8_test_precision_macro,split9_test_precision_macro,split10_test_precision_macro,split11_test_precision_macro,split12_test_precision_macro,mean_test_precision_macro,std_test_precision_macro,rank_test_precision_macro,split0_train_precision_macro,split1_train_precision_macro,split2_train_precision_macro,split3_train_precision_macro,split4_train_precision_macro,split5_train_precision_macro,split6_train_precision_macro,split7_train_precision_macro,split8_train_precision_macro,split9_train_precision_macro,split10_train_precision_macro,split11_train_precision_macro,split12_train_precision_macro,mean_train_precision_macro,std_train_precision_macro
0.07355546951293945,0.006385942408885886,0.10335588455200195,0.01344554239452323,euclidean,5,uniform,"{'model__metric': 'euclidean', 'model__n_neighbors': 5, 'model__weights': 'uniform'}",0.7023686920700309,0.7209062821833162,0.6972193614830072,0.7239958805355304,0.721936148300721,0.6920700308959835,0.717816683831102,0.7239958805355304,0.7260556127703398,0.7106076210092688,0.7412371134020619,0.6917525773195876,0.7350515463917526,0.7157702639021716,0.015239029267137898,18,0.808653103270667,0.8065928405871748,0.8068503734226113,0.8091681689415401,0.805991930637823,0.806506996308696,0.8093398574984977,0.8056485535239076,0.8085672589921882,0.8103699888402438,0.8054077253218884,0.8093562231759657,0.8054935622317596,0.8075343525194587,0.0016788309495612583,0.7001934136724529,0.7160171492157811,0.6984995215423745,0.7192268753251716,0.7147293053293868,0.6874359805761474,0.7136960157509191,0.7193618915192549,0.7233745117877264,0.7038731191114669,0.7379794263148686,0.6922910673565067,0.7317235445307718,0.7121847555409868,0.01442569949242939,18,0.8067809358314995,0.8050265202738711,0.8051569300715418,0.8074501789775317,0.8043898583774999,0.8047385683650996,0.807394040239876,0.8038112778785335,0.8068428918910906,0.808826029959872,0.8035772574490763,0.807742113431872,0.803658539856752,0.8057996263541626,0.0017063449834147227
0.10765682733975925,0.03939338897094032,0.10728085958040677,0.03899810681621758,euclidean,5,distance,"{'model__metric': 'euclidean', 'model__n_neighbors': 5, 'model__weights': 'distance'}",0.7116374871266735,0.721936148300721,0.7085478887744593,0.7250257466529351,0.7270854788877446,0.6930998970133883,0.7281153450051493,0.729145211122554,0.748712667353244,0.7147270854788877,0.7515463917525773,0.7010309278350515,0.7463917525773196,0.723615540606208,0.017292085394424738,13,1.0,1.0,1.0,1.0,1.0,1.0,1.0,1.0,1.0,1.0,1.0,1.0,1.0,1.0,0.0,0.7111667984642558,0.7158646232453494,0.7070322360911916,0.7197332702715193,0.7201584651871334,0.6893992987211067,0.72431482809428,0.7257968929886693,0.7455646708780053,0.7075771779944992,0.7464105249008331,0.6973456167995176,0.7417563625342899,0.71939390509005,0.016959658310726183,13,1.0,1.0,1.0,1.0,1.0,1.0,1.0,1.0,1.0,1.0,1.0,1.0,1.0,1.0,0.0
0.07444467911353478,0.014373927113278976,0.10830323512737568,0.022733473646309947,euclidean,8,uniform,"{'model__metric': 'euclidean', 'model__n_neighbors': 8, 'model__weights': 'uniform'}",0.6869207003089598,0.7054582904222451,0.7044284243048403,0.7229660144181257,0.7188465499485067,0.6992790937178167,0.7023686920700309,0.721936148300721,0.7209062821833162,0.7033985581874357,0.7494845360824742,0.6958762886597938,0.7123711340206186,0.7110954394326835,0.015335743154570546,20,0.7816979998283115,0.7787792943600309,0.7798952699802558,0.78032449137265,0.7821272212207057,0.7821272212207057,0.7810970898789595,0.7788651386385097,0.7792085157524251,0.7809254013220018,0.7791416309012875,0.7810300429184549,0.7757081545064378,0.7800713439923643,0.0017021618493309144,0.6832157461135724,0.6988518110516561,0.7034395503247425,0.718480450773981,0.7112520957048237,0.6952478256237897,0.6949501380405642,0.7165231313371662,0.7189652330412235,0.6971603672372136,0.7470494315821338,0.6974658368919344,0.7094038321415415,0.707077342297257,0.015465065962994278,20,0.7798359781629918,0.7771112761340041,0.777837108725014,0.7781218633291314,0.7802877166017465,0.7801960257571071,0.7790563252329934,0.7766125560215319,0.7769060412572298,0.7787985700637851,0.7770803542699748,0.7786644006359531,0.7736273574948006,0.7780104287450972,0.0017439842822329602
0.10870911524846004,0.040542510712613854,0.10711796467120831,0.030793936870989386,euclidean,8,distance,"{'model__metric': 'euclidean', 'model__n_neighbors': 8, 'model__weights': 'distance'}",0.6930998970133883,0.7239958805355304,0.7209062821833162,0.733264675592173,0.7260556127703398,0.6992790937178167,0.7229660144181257,0.729145211122554,0.7456230690010298,0.7064881565396498,0.7639175257731958,0.7123711340206186,0.7350515463917526,0.7240126230061146,0.01822531740509207,12,1.0,1.0,1.0,1.0,1.0,1.0,1.0,1.0,1.0,1.0,1.0,1.0,1.0,1.0,0.0,0.6898333619690159,0.7184605805459396,0.7185109431986954,0.729546664846662,0.719175324766945,0.6943689144349843,0.7181973847658788,0.7265967830789354,0.7429666674111007,0.7001656648221672,0.7596008831497387,0.7096543437089468,0.7312235352939639,0.7198693116917673,0.01846416173909835,12,1.0,1.0,1.0,1.0,1.0,1.0,1.0,1.0,1.0,1.0,1.0,1.0,1.0,1.0,0.0
0.08843994140625,0.022130179479862625,0.12195090147165152,0.0252687274063823,euclidean,10,uniform,"{'model__metric': 'euclidean', 'model__n_neighbors': 10, 'model__weights': 'uniform'}",0.6838311019567456,0.7033985581874357,0.7003089598352215,0.7270854788877446,0.7270854788877446,0.6951596292481977,0.6920700308959835,0.7229660144181257,0.7281153450051493,0.6889804325437693,0.7360824742268042,0.6989690721649484,0.7237113402061855,0.709827993574158,0.01726613542535676,21,0.7736286376513005,0.7715683749678084,0.7683921366640913,0.7703665550691047,0.7714825306893296,0.770194866512147,0.7717400635247661,0.7693364237273586,0.7677053824362606,0.7720834406386814,0.7687553648068669,0.7699570815450644,0.7674678111587983,0.7702060514916599,0.0017773665271129976,0.6799389895322892,0.6971013535878227,0.6988601110028474,0.7224957917721261,0.7209571211577187,0.688752234490457,0.6869910351199666,0.7172136733478026,0.7250938041127889,0.6824027522260447,0.7334087649419807,0.699558828070651,0.7180911199454142,0.7054511984083008,0.017422690310190354,21,0.7708178703779344,0.76901414214532,0.765492706825387,0.7674657388401085,0.7685652432113941,0.7673175412421892,0.7689160047041439,0.766330838943097,0.7644218018546962,0.7692917731503554,0.7655202275343272,0.7668329842230017,0.7648151932854912,0.7672924666413419,0.001872262534194412
0.0970013691828801,0.03621085553272636,0.0993642073411208,0.020834752353882477,euclidean,10,distance,"{'model__metric': 'euclidean', 'model__n_neighbors': 10, 'model__weights': 'distance'}",0.7044284243048403,0.7239958805355304,0.7209062821833162,0.741503604531411,0.7384140061791967,0.7003089598352215,0.7106076210092688,0.729145211122554,0.7445932028836252,0.7003089598352215,0.7587628865979381,0.7144329896907217,0.7422680412371134,0.7253596976881507,0.018121110518709647,10,1.0,1.0,1.0,1.0,1.0,1.0,1.0,1.0,1.0,1.0,1.0,1.0,1.0,1.0,0.0,0.7002829641824998,0.7191349023698985,0.7197324181063374,0.7389190256239446,0.733479048261987,0.6941921653365882,0.7061060109097586,0.7282700845070652,0.7414046751173716,0.6948887789357036,0.7558900699512795,0.7114841779779792,0.7383435812566953,0.7217021463490082,0.018820711299133066,10,1.0,1.0,1.0,1.0,1.0,1.0,1.0,1.0,1.0,1.0,1.0,1.0,1.0,1.0,0.0
0.08251525805546688,0.023706248889082807,0.12426948547363281,0.019444802568276236,euclidean,12,uniform,"{'model__metric': 'euclidean', 'model__n_neighbors': 12, 'model__weights': 'uniform'}",0.6838311019567456,0.7064881565396498,0.7075180226570545,0.721936148300721,0.7188465499485067,0.7013388259526262,0.6848609680741503,0.7188465499485067,0.7209062821833162,0.7075180226570545,0.7309278350515463,0.688659793814433,0.722680412371134,0.7087968207273417,0.014857645757399566,23,0.7633273242338399,0.7628981028414457,0.7595501759807709,0.76109537299339,0.7604944630440381,0.7622971928920937,0.7595501759807709,0.7608378401579535,0.758434200360546,0.7625547257275302,0.7573390557939914,0.7628326180257511,0.7576824034334764,0.7606841270358152,0.001974213463150997,0.6799453705701245,0.69928831433175,0.7077399615733979,0.7165345101849775,0.7111813605657377,0.6953578271471389,0.6766619430401521,0.7125912199745995,0.717383172871176,0.7012539757361363,0.7276496439681814,0.6867955856149638,0.718731574986004,0.7039318815818724,0.015135974535249895,23,0.7603368739484407,0.7598939476483165,0.7565174146572831,0.7579602354764877,0.757487950008187,0.7592385626178891,0.7564475710946413,0.7576161993655243,0.7550825243036939,0.7594984575986136,0.7542921604884827,0.7592609384092819,0.7545674390922533,0.757553867285315,0.001978564657921374
0.08490221316997822,0.022389893259714765,0.09484652372506949,0.01135095326985149,euclidean,12,distance,"{'model__metric': 'euclidean', 'model__n_neighbors': 12, 'model__weights': 'distance'}",0.7013388259526262,0.717816683831102,0.717816683831102,0.7353244078269825,0.7250257466529351,0.7033985581874357,0.698249227600412,0.733264675592173,0.737384140061792,0.7147270854788877,0.7536082474226804,0.7123711340206186,0.7422680412371134,0.7225071890535276,0.016348130670971454,14,1.0,1.0,1.0,1.0,1.0,1.0,1.0,1.0,1.0,1.0,1.0,1.0,1.0,1.0,0.0,0.6980965168092056,0.7109546703453141,0.7158807819021205,0.7322922066698531,0.7194532307537429,0.6976733460493417,0.6923627377423891,0.7308012601502877,0.7334686863370162,0.7109828436455488,0.7506148857634074,0.7090332693507005,0.7392098320935059,0.7185249436624948,0.017029156403192976,14,1.0,1.0,1.0,1.0,1.0,1.0,1.0,1.0,1.0,1.0,1.0,1.0,1.0,1.0,0.0
0.07011662996732272,0.004204788076531854,0.11178200061504658,0.014411090244261002,euclidean,15,uniform,"{'model__metric': 'euclidean', 'model__n_neighbors': 15, 'model__weights': 'uniform'}",0.6889804325437693,0.7147270854788877,0.7003089598352215,0.7157569515962925,0.7167868177136972,0.6961894953656025,0.690010298661174,0.717816683831102,0.7167868177136972,0.7116374871266735,0.7298969072164948,0.6958762886597938,0.7237113402061855,0.7091142743037379,0.012741864857778118,22,0.7527684779809426,0.7513091252468023,0.7540561421581251,0.7517383466391965,0.7511374366898447,0.7537986093226886,0.7524251008670272,0.7518241909176754,0.7513949695252812,0.7537127650442098,0.7502145922746781,0.7533047210300429,0.747725321888412,0.7519545999680712,0.0016638778027335788,0.6850766281968684,0.7075926725505701,0.7003411347930879,0.7119307157649815,0.7107299151786666,0.6910945978223151,0.6825444935380266,0.7100221503576254,0.7108489282548688,0.7063961281757061,0.7271156366280629,0.6946585999244567,0.7190589179112157,0.7044161937766501,0.012571316266066305,22,0.7492285711786781,0.7478862432663804,0.750661074211578,0.7487855822505592,0.7478128667864571,0.750566903447934,0.7491408417381107,0.7480270384039953,0.7477246394771112,0.750431311431446,0.7464638868683968,0.7497383441101632,0.7441450138555379,0.7485086397712575,0.0017544067485504842
0.08407163619995117,0.018714371667715543,0.09173802229074332,0.0086591152361747,euclidean,15,distance,"{'model__metric': 'euclidean', 'model__n_neighbors': 15, 'model__weights': 'distance'}",0.6992790937178167,0.7250257466529351,0.717816683831102,0.7301750772399588,0.7229660144181257,0.7003089598352215,0.7033985581874357,0.737384140061792,0.7301750772399588,0.717816683831102,0.7536082474226804,0.7103092783505155,0.7371134020618557,0.7219520740654232,0.01547284947027155,16,1.0,1.0,1.0,1.0,1.0,1.0,1.0,1.0,1.0,1.0,1.0,1.0,1.0,1.0,0.0,0.6974498188140554,0.7202612623161121,0.7166128713288444,0.7273573626406382,0.7177716124100258,0.6942664784765037,0.6960113998049796,0.7330248205640721,0.7253838098533694,0.713224226080614,0.7508375993782083,0.7073672488743797,0.7335084035587437,0.7179289933923497,0.015929219937292197,15,1.0,1.0,1.0,1.0,1.0,1.0,1.0,1.0,1.0,1.0,1.0,1.0,1.0,1.0,0.0
0.07345608564523551,0.01110581373705966,0.10395910189701961,0.0050207484731686364,euclidean,20,uniform,"{'model__metric': 'euclidean', 'model__n_neighbors': 20, 'model__weights': 'uniform'}",0.666323377960865,0.7054582904222451,0.6910401647785788,0.7116374871266735,0.7054582904222451,0.694129763130793,0.6869207003089598,0.713697219361483,0.7033985581874357,0.709577754891864,0.7329896907216494,0.6938144329896907,0.7082474226804124,0.7017456271525304,0.015344311876479395,24,0.7398918362091167,0.7355137780066958,0.7398918362091167,0.7343119581079921,0.7363722207914842,0.7394626148167225,0.7386900163104129,0.7379174178041034,0.7372306635762726,0.7377457292471457,0.7350214592274679,0.7388841201716738,0.736480686695279,0.7374934105518064,0.001786592851981919,0.6615511884321095,0.6975201480911634,0.6903031258015967,0.7057162799777389,0.6986277070674772,0.6910050604310021,0.6812249623980217,0.7051353644610961,0.6985221245305812,0.7039658752773506,0.7318059664754025,0.6940847353494561,0.7036874055529075,0.6971653802958386,0.015308357043181483,24,0.7359641268784609,0.7317004620839472,0.7362184505577156,0.7304472597927203,0.7325472688416913,0.73556112412402,0.7352154949497368,0.7340840398098829,0.7334254130082366,0.7343414591823922,0.7305188024703971,0.7346946337798304,0.7328166280839855,0.7336565510433091,0.0018736247157064413
0.09879165429335374,0.04024697166685464,0.11942280255831204,0.04957715956070097,euclidean,20,distance,"{'model__metric': 'euclidean', 'model__n_neighbors': 20, 'model__weights': 'distance'}",0.6869207003089598,0.7167868177136972,0.7147270854788877,0.7157569515962925,0.717816683831102,0.7033985581874357,0.690010298661174,0.7209062821833162,0.7239958805355304,0.7126673532440783,0.7556701030927835,0.7082474226804124,0.7329896907216494,0.7153764483257936,0.016875088925692457,19,1.0,1.0,1.0,1.0,1.0,1.0,1.0,1.0,1.0,1.0,1.0,1.0,1.0,1.0,0.0,0.6828027246907776,0.7087011876908708,0.7133397376246097,0.7111094076931329,0.7129999363949768,0.6983669102144415,0.6832637326753979,0.7155433339050469,0.7183754197189838,0.7076248231438234,0.7541516949827439,0.7063757224031735,0.7310504995841043,0.7110542408247755,0.01778205658045955,19,1.0,1.0,1.0,1.0,1.0,1.0,1.0,1.0,1.0,1.0,1.0,1.0,1.0,1.0,0.0
0.08070116776686448,0.016794222103597854,0.3936207661261925,0.04526269778511145,manhattan,5,uniform,"{'model__metric': 'manhattan', 'model__n_neighbors': 5, 'model__weights': 'uniform'}",0.7033985581874357,0.729145211122554,0.7353244078269825,0.7312049433573635,0.7260556127703398,0.7126673532440783,0.7270854788877446,0.7239958805355304,0.7342945417095778,0.729145211122554,0.7628865979381443,0.7061855670103093,0.743298969072165,0.7280529486757522,0.01492055900703979,8,0.8166366211691991,0.8126877843591724,0.8151772684350588,0.8164649326122414,0.8140612928148339,0.8180101296248605,0.8137179157009186,0.8144046699287493,0.815606489827453,0.817752596789424,0.8140772532188841,0.8150214592274678,0.8131330472103004,0.8151347277629664,0.0016216946189618428,0.6989800761056985,0.7228812253045495,0.7361752367172272,0.724093289642968,0.7208183285867296,0.7063456760370839,0.7227887002295119,0.7185740451993644,0.7305900192523199,0.7253114282181327,0.7611543045433269,0.7054124038827554,0.7399985683973611,0.7240864078551561,0.015578945759354274,8,0.814947594577742,0.8108778744376348,0.813330203558827,0.8148842460474512,0.8122817376927991,0.8161975114035884,0.811781854478362,0.8122108921583496,0.8139237436011282,0.8159410067892604,0.8121604658220275,0.8131037479108024,0.8109568335744235,0.8132767470809534,0.0017141893327129133
0.0693051998431866,0.011085995757510009,0.36281721408550555,0.028944233200297393,manhattan,5,distance,"{'model__metric': 'manhattan', 'model__n_neighbors': 5, 'model__weights': 'distance'}",0.7147270854788877,0.7322348094747683,0.7384140061791967,0.729145211122554,0.7260556127703398,0.709577754891864,0.7322348094747683,0.7312049433573635,0.7476828012358393,0.737384140061792,0.7608247422680412,0.7134020618556701,0.7556701030927835,0.732966006251067,0.014900461934998537,5,1.0,1.0,1.0,1.0,1.0,1.0,1.0,1.0,1.0,1.0,1.0,1.0,1.0,1.0,0.0,0.7117138345972803,0.7262662906314351,0.7388934978985287,0.7224582786543792,0.7190001723026685,0.7038719614524164,0.7286321014712761,0.7261013757647566,0.7433577194328407,0.7332333920415005,0.7583887034897815,0.7107066379247653,0.7526190027463076,0.7288648437236874,0.015608037545497378,5,1.0,1.0,1.0,1.0,1.0,1.0,1.0,1.0,1.0,1.0,1.0,1.0,1.0,1.0,0.0
0.06670739100529598,0.0176885139770481,0.3622940136836125,0.01722678277982284,manhattan,8,uniform,"{'model__metric': 'manhattan', 'model__n_neighbors': 8, 'model__weights': 'uniform'}",0.7044284243048403,0.7312049433573635,0.729145211122554,0.7342945417095778,0.7384140061791967,0.7075180226570545,0.7198764160659115,0.7270854788877446,0.7445932028836252,0.7229660144181257,0.7639175257731958,0.7041237113402062,0.743298969072165,0.7285281898285816,0.016624514703725696,7,0.7924285346381663,0.787792943600309,0.7908833376255473,0.7910550261825049,0.7924285346381663,0.7909691819040261,0.7900248948407589,0.7881363207142243,0.7881363207142243,0.7895956734483647,0.7864377682403434,0.7911587982832619,0.7865236051502146,0.7896593030753932,0.0019849181608237476,0.7004992195264466,0.7248593219675744,0.7292731686870014,0.7284709819446326,0.7315643596145565,0.7011127591439992,0.7153885724194272,0.7203225652439319,0.7424276904533615,0.7181641294576426,0.7620536063293132,0.7046025498315256,0.7415953501617152,0.7246410980600868,0.017033395014717505,7,0.7904675065929523,0.7854608594375314,0.7883557489881872,0.788898710611709,0.7907275345594738,0.7887995354461654,0.7876893466306196,0.7856296207485365,0.7858270985345535,0.7873305405663169,0.784353295340126,0.7889746923007642,0.7842898899356076,0.7874464907455802,0.002084082488230672
0.06616284297062801,0.00807418275769357,0.3767457925356351,0.05348264697915495,manhattan,8,distance,"{'model__metric': 'manhattan', 'model__n_neighbors': 8, 'model__weights': 'distance'}",0.7157569515962925,0.7384140061791967,0.7353244078269825,0.7353244078269825,0.7425334706488157,0.717816683831102,0.7322348094747683,0.7312049433573635,0.7641606591143152,0.7353244078269825,0.777319587628866,0.7206185567010309,0.7649484536082474,0.7393062573554574,0.01810289305419047,1,1.0,1.0,1.0,1.0,1.0,1.0,1.0,1.0,1.0,1.0,1.0,1.0,1.0,1.0,0.0,0.7125568057023852,0.7331756000984095,0.7344373425712772,0.7309184907317893,0.7341750344086939,0.7125341956464272,0.7265697166788652,0.7258581892793009,0.76178620505885,0.7312527498322056,0.7744373085059426,0.7172342197217384,0.7661453993803533,0.7354677890474031,0.019122467843220647,1,1.0,1.0,1.0,1.0,1.0,1.0,1.0,1.0,1.0,1.0,1.0,1.0,1.0,1.0,0.0
0.08574427091158353,0.03511921258348938,0.4028188632084773,0.06253818316517622,manhattan,10,uniform,"{'model__metric': 'manhattan', 'model__n_neighbors': 10, 'model__weights': 'uniform'}",0.7054582904222451,0.7301750772399588,0.7198764160659115,0.7353244078269825,0.7270854788877446,0.7167868177136972,0.717816683831102,0.7250257466529351,0.7404737384140062,0.7147270854788877,0.7587628865979381,0.7072164948453609,0.743298969072165,0.7263098533114564,0.014619832451448935,9,0.7811829341574384,0.7770624087904541,0.7791226714739463,0.7815263112713537,0.7792085157524251,0.7795518928663404,0.78032449137265,0.7785217615245944,0.7764614988411023,0.7790368271954674,0.7759656652360515,0.7791416309012875,0.7775965665236052,0.7788233212235937,0.0016286905724920988,0.7019215057775433,0.7245398076948878,0.7198526229320007,0.7312186423302988,0.719929291514571,0.7096963696702084,0.7132396747929033,0.7191005415528624,0.7371750405841536,0.7095556433377039,0.7566161102906382,0.7083272022712409,0.7405732295559718,0.7224419755619219,0.014813710442140929,9,0.7786935526383483,0.7744179008821149,0.7767166331573974,0.7789772577789814,0.7770170485071305,0.7769226371479421,0.777876208856291,0.7758303939377734,0.7737686424475677,0.7767822364935311,0.7734408832418912,0.7764116494591586,0.7752479892451041,0.7763156179840947,0.0016675725448178668
0.06760705434359036,0.01987172584136999,0.37203253232515776,0.04541837529401189,manhattan,10,distance,"{'model__metric': 'manhattan', 'model__n_neighbors': 10, 'model__weights': 'distance'}",0.721936148300721,0.737384140061792,0.7312049433573635,0.7353244078269825,0.737384140061792,0.7209062821833162,0.7281153450051493,0.7301750772399588,0.7538619979402678,0.7239958805355304,0.7597938144329897,0.7195876288659794,0.7618556701030927,0.7355019596857642,0.013903355767104436,2,1.0,1.0,1.0,1.0,1.0,1.0,1.0,1.0,1.0,1.0,1.0,1.0,1.0,1.0,0.0,0.7196600565683562,0.732570960039592,0.7304413403638081,0.7305959277221451,0.7302217528903697,0.7158228273159416,0.7241142333454301,0.7252540034716708,0.7505033916696736,0.7195845224217922,0.7571407841205426,0.7173030500214529,0.7598954601027316,0.7317775623118082,0.014281915210313575,2,1.0,1.0,1.0,1.0,1.0,1.0,1.0,1.0,1.0,1.0,1.0,1.0,1.0,1.0,0.0
0.06859940748948318,0.007951219571017847,0.3613446675814115,0.034223737697135055,manhattan,12,uniform,"{'model__metric': 'manhattan', 'model__n_neighbors': 12, 'model__weights': 'uniform'}",0.7075180226570545,0.7312049433573635,0.7167868177136972,0.7435633367662204,0.721936148300721,0.7126673532440783,0.7126673532440783,0.7270854788877446,0.7312049433573635,0.7188465499485067,0.7484536082474227,0.7061855670103093,0.7391752577319588,0.7244073369589631,0.013158477925676641,11,0.7734569490943428,0.7701090222336682,0.7724268177525968,0.7720834406386814,0.7707957764614989,0.7712249978538931,0.7701090222336682,0.7727701948665121,0.7721692849171603,0.7729418834234698,0.7692703862660945,0.7703862660944206,0.7694420600858369,0.7713220078401418,0.0013486587594664665,0.7033553088942285,0.7257949749928819,0.7179304903300778,0.7396988003341128,0.7148916851898501,0.7057912460743395,0.708537329887967,0.7222253885276848,0.7256004493369053,0.7129509649077,0.746893861060726,0.705206821077347,0.7357313314107508,0.7203545116941978,0.013405781219552217,11,0.7709151456926272,0.7675921730553595,0.7694886561844522,0.7695910702909516,0.7684626511259366,0.7687482347130621,0.767530690270757,0.7701348221370548,0.769597881975038,0.7704535696445335,0.7664140380628096,0.7676087484185788,0.7668643846312906,0.768723235861727,0.001378262904692546
0.07958080218388484,0.025931100446449928,0.34344990436847395,0.023495540580705757,manhattan,12,distance,"{'model__metric': 'manhattan', 'model__n_neighbors': 12, 'model__weights': 'distance'}",0.7126673532440783,0.7425334706488157,0.7270854788877446,0.7384140061791967,0.737384140061792,0.7106076210092688,0.7260556127703398,0.7384140061791967,0.752832131822863,0.7188465499485067,0.7680412371134021,0.7164948453608248,0.7546391752577319,0.7341550483449045,0.016897027652964643,3,1.0,1.0,1.0,1.0,1.0,1.0,1.0,1.0,1.0,1.0,1.0,1.0,1.0,1.0,0.0,0.7107003516970293,0.7378679351397971,0.726503978001044,0.7334324970178958,0.7323586134691003,0.7042683353939678,0.7221754723446164,0.7343610471594895,0.7485712906849724,0.7138050734858885,0.7654761902102812,0.7132168203786483,0.7537695775544346,0.7305005525028588,0.01735477749116305,3,1.0,1.0,1.0,1.0,1.0,1.0,1.0,1.0,1.0,1.0,1.0,1.0,1.0,1.0,0.0
0.06916093826293945,0.010466507504055877,0.3604885981633113,0.02385840255386822,manhattan,15,uniform,"{'model__metric': 'manhattan', 'model__n_neighbors': 15, 'model__weights': 'uniform'}",0.698249227600412,0.733264675592173,0.7167868177136972,0.733264675592173,0.721936148300721,0.7033985581874357,0.7085478887744593,0.7281153450051493,0.7322348094747683,0.7064881565396498,0.7597938144329897,0.7134020618556701,0.7298969072164948,0.7219522374065993,0.015979394896630385,15,0.7635848570692764,0.7606661516009958,0.762640570006009,0.7640999227401494,0.7669327839299511,0.7662460297021203,0.762726414284488,0.7640999227401494,0.7615245943857842,0.7628981028414457,0.7572532188841201,0.7632618025751073,0.7608583690987124,0.7628302107583315,0.0023843908425734924,0.6955633565589832,0.7296179600366793,0.7168616706631364,0.7289043938085361,0.7153303805828598,0.6956704867443753,0.7031322309247461,0.7219492407647252,0.7268170331345055,0.7002599211160685,0.758296269024877,0.7124647380502547,0.726726807858645,0.7178149607129533,0.016695355429611907,16,0.7611068309158215,0.7579023503003416,0.7598977832333634,0.7619748083781059,0.7644591652857319,0.7638586134569962,0.7600764886149459,0.7614056387187585,0.7587747951469738,0.7602688262151637,0.7538495064756117,0.7605007143421635,0.7582116636711714,0.7601759372888576,0.00261267140858507
0.05901811673091008,0.003752481319355564,0.3434000748854417,0.0153564499432991,manhattan,15,distance,"{'model__metric': 'manhattan', 'model__n_neighbors': 15, 'model__weights': 'distance'}",0.7085478887744593,0.733264675592173,0.7270854788877446,0.7456230690010298,0.7281153450051493,0.713697219361483,0.7250257466529351,0.7404737384140062,0.7445932028836252,0.7188465499485067,0.7649484536082474,0.7237113402061855,0.7618556701030927,0.7335221829568184,0.016592426948244924,4,1.0,1.0,1.0,1.0,1.0,1.0,1.0,1.0,1.0,1.0,1.0,1.0,1.0,1.0,0.0,0.7060102353891856,0.7286472792525703,0.7261135469420353,0.7435363842743526,0.7222682610434168,0.70561029220651,0.7196651170877756,0.7362069384384776,0.7391674409254304,0.7136265821237098,0.7628125861265634,0.7211211258257234,0.760898569401226,0.7296680276182289,0.01762116366901373,4,1.0,1.0,1.0,1.0,1.0,1.0,1.0,1.0,1.0,1.0,1.0,1.0,1.0,1.0,0.0
0.06477563197796161,0.010075476667187654,0.35943095500652605,0.017887775337045497,manhattan,20,uniform,"{'model__metric': 'manhattan', 'model__n_neighbors': 20, 'model__weights': 'uniform'}",0.690010298661174,0.7239958805355304,0.7239958805355304,0.737384140061792,0.7260556127703398,0.7003089598352215,0.7106076210092688,0.7312049433573635,0.7188465499485067,0.7126673532440783,0.7443298969072165,0.6907216494845361,0.7298969072164948,0.7184635148897732,0.016274619404865853,17,0.7506223710189716,0.7487337968924371,0.7500214610696198,0.750364838183535,0.7491630182848313,0.7513091252468023,0.7507940595759293,0.7488196411709159,0.7507082152974505,0.7506223710189716,0.7454935622317597,0.7515021459227468,0.7474678111587982,0.7496632628517516,0.0016397357247859537,0.6853056327411278,0.7198101389570236,0.72350112187255,0.7330439349238745,0.7205618253654718,0.6932972476717171,0.7044709601761339,0.7261568112913231,0.7118627156440246,0.7066058636054198,0.7452421214805639,0.6878365276480513,0.7298102354098359,0.7144234720605476,0.01751436842619986,17,0.7476085309862514,0.745090861009948,0.7464850871032906,0.7474855419040434,0.7458209190947295,0.7481131536536283,0.7473837512866801,0.7452089599258004,0.7476670200314793,0.7479919526855087,0.7414395215640338,0.7484471411465298,0.7441731736156516,0.746378124154429,0.0019196539578250462
0.05681676131028395,0.001741622266877771,0.33388473437382626,0.014188938206438552,manhattan,20,distance,"{'model__metric': 'manhattan', 'model__n_neighbors': 20, 'model__weights': 'distance'}",0.7054582904222451,0.7312049433573635,0.7322348094747683,0.7445932028836252,0.7384140061791967,0.7033985581874357,0.7157569515962925,0.7445932028836252,0.7384140061791967,0.7312049433573635,0.7597938144329897,0.702061855670103,0.7494845360824742,0.7305087015928213,0.017829757457395408,6,1.0,1.0,1.0,1.0,1.0,1.0,1.0,1.0,1.0,1.0,1.0,1.0,1.0,1.0,0.0,0.7019901514955318,0.7271148869356006,0.730544065441019,0.7426059918828366,0.7345042902004109,0.6964782681110709,0.7128434464870164,0.741715086807743,0.731688593758447,0.7269415346426362,0.7590656605111424,0.6981314075268312,0.7505780894839474,0.7272462671757103,0.019065013891167954,6,1.0,1.0,1.0,1.0,1.0,1.0,1.0,1.0,1.0,1.0,1.0,1.0,1.0,1.0,0.0
